LatGauge,LonGauge,GAGEID,FittedSlope,FittedIntercept,Slope,Nov1SM,MeanWinterSM,TheilSenSlope,SpringRunoffVIC,SpringRunoffRatioVIC,AvgWinterTemp,AvgAnnualTemp,PeakSWE,WinterPrecip,SpringPrecip,PeakSWE_PrecipRatio,Apr1SWE,MeanOctSM,MeanNovSM,MeanDOWYPeakSWE,NovTemp,DecTemp,JanTemp,FebTemp,NovSWE,DecSWE,JanSWE,JanSM,TheilSenSlopeSpring,SlopeSpring,VolSMChangeWint,VolSMChangeSp,SM_DOWYPeakSWE,VolSMChangeSpringPSWE,July31SM,SpringRunoffPSWE_VIC,SpringPrecipPSWE,WinterPrecipPSWE,SpringEvapPSWE,SpringBaseflowPSWE,OctPrecip,NovPrecip,DecPrecip,JanPrecip,FebPrecip,MarPrecip,AprPrecip,MayPrecip,JunPrecip,JulPrecip,Dec1SM,Jan1SM,Feb1SM,Mar1SM,Apr1SM,CorrNov1SM_RR,PValue_CorrNov1SMRR,CorrNov1SM_SR,PValue_CorrNov1SMSR,CorrOctSM_RR,PValue_CorrOctSMRR,CorrOctSM_SR,PValue_CorrOctSMSR,CorrNovSM_RR,PValue_CorrNovSMRR,CorrNovSM_SR,PValue_CorrNovSMSR,R2_Nov1SM_SR,R2_Nov1SM_RR,R2_OctSM_SR,R2_OctSM_RR,R2_NovSM_SR,R2_NovSM_RR,AvgElevation,DrainageArea,SpringRunoffApr1,SpringRunoffPSWE_USGS,SpringRunoffRatio,SpringRunoff7Days,SpringRunoff14Days,SpringRunoff21Days,SpringRunoff28Days,SpringRunoff35Days,SpringRunoff42Days,SpringRunoff49Days,SpringRunoff56Days,SpringRunoff63Days,SpringRunoff70Days,SpringRunoff77Days,SpringRunoff84Days,SpringRunoff91Days,MonthMaxRunoff,WYMonthMaxRunoff,CorrNovSM_SR90Days,PValue_CorrNovSMSR90Days,CorrJanSM_SR90Days,PValue_CorrJanSMSR90Days,CorrJanSM_SR,PValue_CorrJanSMSR,CorrJanSM_RR,PValue_CorrJanSMRR,MissingYears,Cluster
40.95911,-110.58,9217900,0.0602911757496535,435.068738505088,0.149826703656554,436.848336831276,441.015830529437,-0.0298066842339634,122.384892592593,0.143730328369691,-9.69003700598676,-1.83307396759232,377.031502263375,463.86353909465,330.077798353909,0.756745766847929,319.425274485597,426.875993229167,440.233614741803,183.907407407407,-8.11012652263375,-14.510425122793,-15.7278741802735,-12.6699514641489,57.7789658230453,120.348965392274,206.195381030134,436.601793621399,-0.278324215978569,0.0612068283143711,27.0496537037037,9.82437633744856,463.89799053498,127.045467283951,473.722366872428,123.777973251029,289.847942386831,510.135,259.825811111111,267.52802037037,76.7028806584362,68.8008847736625,71.2644032921811,99.3124485596708,65.2757613168724,79.3060288065844,101.725658436214,111.694238683128,63.2610699588477,53.3968312757202,440.998849176955,438.050473251029,435.134161111111,434.030348148148,481.675577572016,0.113588661240353,0.452272564287715,0.175639015598538,0.242983716496037,0.104804848510579,0.488201917124924,0.159527631777071,0.289602957983913,0.12434739993851,0.410304525853269,0.177160720166129,0.238860570061566,0.0308490638004236,0.0129023839623754,0.0254490653004008,0.0109840562713254,0.0313859207697814,0.0154622758714675,3184.107,326.817,339.451029550376,337.519904779845,0.418958115648157,3.5376111627954,11.150566659363,21.6567388317701,35.5855284442523,55.602052538111,80.2981343740966,107.190374984485,133.671821432843,162.629278347635,195.551903046127,225.434078092633,249.961623982894,274.349992641807,6,9,0.189498264784994,0.20718836253266,0.184404346023731,0.219888220284665,0.174099051746521,0.247205240373962,0.136652142028371,0.365162674245704,8,1
42.11049,-110.71,9223000,0.0317694606239186,414.321572728119,0.126094112415165,407.597066049383,417.150333019091,-0.0252195284609972,77.2219502057613,0.11286281923085,-8.01010059525321,-0.431436150773958,372.313443827161,456.92658436214,189.952222222222,0.775275963811112,347.322218518518,397.749710185185,414.98353389088,185.12962962963,-6.24293524691358,-12.0147518186645,-12.9483078521174,-11.5347024417685,42.7055884293553,123.789982875348,207.206147298553,416.453036671977,0.779345033087938,0.471262753861091,20.6832816872428,53.0358923868313,428.280347736625,196.191878600823,481.316240123457,78.0247602880658,174.467818930041,476.079218106996,287.269949794239,127.679957613169,53.3432716049383,87.7506790123457,90.5321193415638,76.7970164609053,73.5281275720164,73.4526543209877,52.4834567901235,68.9856172839506,38.0760699588477,30.4070781893004,418.223334979424,417.410612757202,415.439443621399,414.165895679012,435.3553718107,0.168068253814263,0.224438778669724,0.105248142650281,0.448796448462455,0.161875359144613,0.242228685936189,0.0859644863860497,0.536527896113139,0.175842819244519,0.203416687854057,0.124282929124702,0.370574490468824,0.011077171531334,0.0282469379401753,0.00738989291961734,0.0262036318981976,0.0154462464718158,0.0309206970798606,2583.729,333.153,224.174054324167,222.335778750971,0.329853258130466,4.35616837731435,12.174267495604,23.9451388214357,37.9684813163922,54.4008397411889,72.6418470550346,94.6254450737849,117.472602797224,138.964127227497,159.01585056649,177.173111669191,191.984767394938,202.74309562162,5,8,0.128939259465384,0.352773846685342,0.135067473283065,0.330162488384852,0.131665589292554,0.342599557045853,0.181369876989553,0.18934431074709,0,1
39.87579,-111.037,9312600,-0.0230194645674267,347.647519410363,0.0403783595738982,341.730250308642,351.395280377625,-0.059926863374045,38.9789283950617,0.0737050326186602,-5.65947925650462,2.44934911006267,231.210554320988,334.495462962963,151.024567901235,0.665375612838981,170.670189197531,332.669778211806,346.71903067503,165.888888888889,-3.72232143004115,-9.84314535045799,-10.9409091895659,-8.04422557053154,20.6244212345679,69.3263297092792,130.269575667065,345.697556600956,-0.751628692083335,-0.0321742271884553,5.92906172839506,-5.64587746913579,347.659312037037,150.091393518519,342.013434567901,47.0054117283951,173.577932098765,315.706203703704,297.564262962963,61.7423416666667,44.3326543209877,52.0233333333333,65.313487654321,58.1029938271605,51.1663271604938,61.5927777777778,51.2901851851852,47.6667901234568,25.9016975308642,26.1658950617284,348.95094382716,347.034820679012,344.308438888889,344.13875462963,408.037706481482,0.335828633719912,0.0159845406868112,0.380641077567593,0.00586031782989777,0.283937699154157,0.0434644136209203,0.307437470057066,0.0281947794345044,0.36910011141044,0.00768988368066865,0.410058095207421,0.00280409098887473,0.144887629931818,0.112780871226183,0.0945177979950892,0.0806206170009566,0.168147641445138,0.136234892243199,2511.073,195.2946,96.2505341695642,100.024479041146,0.188118195892859,1.41490016661204,4.0183831895355,7.63337560290765,12.9653783210535,20.7317125495855,29.7227930443063,39.3868784779909,50.6885630824647,61.4972565481415,70.863469167536,78.3406017430921,84.1150744173865,88.5106138213755,5,8,0.377072282222094,0.00638047438838035,0.374207066072021,0.00682676897296966,0.402219116769181,0.00343481046721048,0.35966917592283,0.00953478861567616,3,1
42.79083,-118.8675,10396000,0.254841876267483,251.635820110612,0.316637241409506,245.444998765432,275.537108156987,0.175833231273468,60.4348396296296,0.101056995797188,-0.934409133250823,5.61080562737471,148.558059753086,382.340740740741,189.898172839506,0.373862558336393,90.8431183950617,237.314586141975,255.02445123855,153.277777777778,-0.213521489711934,-4.45750257268021,-4.06455001991239,-1.79826796463541,12.3220932057613,48.2017965671048,87.7989325846277,269.870256423736,-0.208898063226029,-0.116255221984483,38.2983240740741,-17.604414691358,283.743322839506,109.539223703704,266.138908148148,82.9703819753086,241.763654320988,335.030469135803,241.470703580247,77.9261479012345,43.4865679012346,69.157987654321,69.4333580246913,62.3809012345679,61.9423333333334,72.5944691358025,66.8154320987654,72.4890987654321,36.8275185185185,13.7661234567901,262.547518888889,267.880069012346,272.235172592593,285.048726419753,337.561488395062,-0.00580741529169795,0.966755887351415,0.205563635963336,0.135906609438018,-0.00421282636863185,0.975880781081383,0.16610022364718,0.229991030195498,0.00644917295782706,0.96308461304941,0.205147417642504,0.13671827300324,0.0422564084304669,3.37260723702881e-05,0.0275892842956433,1.77479060121666e-05,0.042085462965388,4.15918318400488e-05,1890.458,528.894,136.179729523622,156.959866298211,0.269768765563805,6.67110099636292,12.3802931484276,17.8854668743397,24.030476856036,30.5867532393594,37.7142058312042,45.7967655109495,55.2185430532954,65.3243511351221,76.0826738095949,86.9748300359562,98.1454385188715,108.717132648158,5,8,0.29142795026169,0.0325095058858509,0.177441052673264,0.199273619740893,0.225969352832145,0.100382359309372,-0.0107353671324465,0.938587912802363,0,1
40.0546,-122.02415,11381500,1.85296288789324,273.596093502302,1.86240046089939,246.923221380471,410.93213035219,1.66624487299823,107.430865993266,0.0915434193120457,3.76205588500165,9.06546516151484,274.337131649832,946.435393939394,175.067843434343,0.280483380013788,240.081285016835,222.891223106061,285.972956489627,172.092592592593,4.45420172278339,1.20882185293798,1.24353302378625,2.31821341929144,18.2058517676768,69.2206535299229,138.10774315195,432.714521755186,-2.32962804614006,-2.03134854624957,257.822663468013,-263.334572053872,504.745884848485,-83.6697749158249,241.411312794613,111.797013299663,174.749065656566,947.183461279462,370.953854377104,207.339353703704,69.2579343434343,149.38386026936,192.531063973064,202.675454545454,166.288801346801,161.994222222222,86.9797306397306,54.5736616161616,27.7111144781145,5.8033367003367,327.503168855219,405.48699949495,452.714348653199,483.42257996633,509.530894612795,-0.0044152008068705,0.974722517338607,0.227825567148318,0.0975469126036772,0.0569928704872837,0.682287461186844,0.108852490702161,0.433324890187327,-0.151396486809353,0.27447528544744,0.278261608094939,0.041611694161453,0.0519044890464527,1.94939981649211e-05,0.0118488647320639,0.00324818728638032,0.0774295225395817,0.0229208962182149,1204.709,337.6305,300.253004308293,320.191427821571,0.290052346878943,24.1336768383715,46.6425535212804,70.6750493787121,92.8648168140418,113.741512765955,135.854522215745,156.442704760469,176.681853178636,196.056669105778,214.726036204273,232.754366769678,248.965975377312,263.874966080331,1,4,0.346684340532269,0.0102234850759692,0.530212607239415,3.7304017211661e-05,0.521420665690379,5.27861054071875e-05,-0.272041566344622,0.0465888749705182,0,2
40.01405,-121.94832,11383500,2.4450574827257,246.843319657257,2.34932532489089,233.634238227513,412.454914422039,2.24940986426427,40.616878968254,0.0341244226183333,4.14864604338412,9.40961037971647,158.899158465608,881.218753968254,150.21123015873,0.176251198118394,109.47111005291,208.670740649802,275.653228938385,149.462962962963,4.77440024691358,1.39735736900495,1.44659740996757,2.58505938974249,4.84392429012346,33.4994519883939,81.0144891363714,435.867965348182,-2.29305788763341,-1.91803130561719,262.804707010582,-288.695723280423,496.438945238095,-47.1775626984127,207.743221957672,63.1179505291005,259.175714285714,778.432736772487,423.648517460317,217.990166005291,63.9763584656085,138.506425925926,184.182009259259,191.128937830688,152.655788359788,146.857396825397,77.8964246031746,44.0440423280423,23.6364404761905,4.63432275132275,321.868833333333,407.27192989418,457.298946693122,491.073480291005,518.921603968254,-0.0267216840290204,0.847896538152704,0.12817067279964,0.355675292977146,-0.0553703042699417,0.690872262582028,0.0359725814752374,0.796220432383579,0.0855833941901297,0.538342196275916,0.279568283921963,0.0406237536577921,0.0164277213659125,0.000714048397346789,0.00129402661799261,0.0030658705949459,0.0781584253750709,0.00732451736110307,1278.94,539.7753,166.807684047898,251.87564643274,0.235595878347673,27.0261231472237,44.202512470707,65.6711315149374,81.6753331809929,97.6187640726854,116.27001979994,131.345872343822,145.524390684214,157.677571881402,169.445085292727,180.393024231736,190.334761986111,199.022674437829,3,6,0.318688680300051,0.0188401720582941,0.536537704796546,2.88853673141926e-05,0.534900863892442,3.08771169130194e-05,0.18561223314856,0.179025716604716,0,2
39.70627,-123.32529,11473900,2.33376538638268,293.5481528162,2.34368222380897,264.209626958689,456.067935050871,2.14198310505099,96.0462389245014,0.0669168485602043,3.99503211823255,8.90069665008134,257.990808226496,1175.04302849003,152.351332977208,0.216551099565999,212.147094907407,238.370442383369,311.280265903869,161.185185185185,4.30733554487179,1.18993002711148,1.57117528949545,3.20026322225029,8.23939620014245,59.8793251746163,144.846688223739,485.334649820789,-2.55071042761364,-2.23384251188888,292.074994693732,-313.756532086895,556.284621652422,-117.165370797721,242.528089565527,117.281100356125,221.139878917379,1114.2778764245,406.271012998576,266.42220534188,67.2158091168091,164.563762820513,272.032682336182,263.214277777778,212.37248539886,191.951320156695,91.0963992165242,41.008353988604,18.1744928774929,2.0720868945869,362.862160754986,458.820320405983,504.407355092593,534.56167977208,548.752278810541,0.116461954678871,0.406273189997287,0.288503534537801,0.0361683820941636,0.123280182483094,0.379155316717166,0.209253489407276,0.132641628297173,0.0236993943590766,0.866234261599823,0.267233638890088,0.0530589211196727,0.0832342894408044,0.0135633868876233,0.0437870228291207,0.015198003393065,0.0714138177544379,0.000561661292986959,1122.188,1925.013,153.088665940555,231.325621497895,0.171928383376175,36.7705729681473,64.9580682782745,94.5202305607561,114.689358767281,131.02637347737,146.151547010871,161.557337254542,176.527123661179,188.572122335582,197.91878822911,205.36150499508,211.012140429848,215.227772222935,3,6,0.313501671656663,0.0222622247860644,0.386017093802324,0.00430645253377429,0.358292228249287,0.00843114261400237,-0.055567278972185,0.692698814153951,1,2
40.48042,-123.89088,11478500,3.01903498827558,296.003625986299,2.96249563019773,272.129829976852,491.369063995776,2.8001710758167,30.3163407407407,0.0212869061867729,4.44771032910901,8.43392238534744,130.28471400463,1179.22847222222,156.332587962963,0.110894821871164,62.8623773148148,243.181019281684,328.082362182646,131.240740740741,4.73859960262346,1.82375601105137,2.17066926896655,3.5796359269522,3.16225984567901,31.3196618652927,77.2712054547491,529.590993025687,-2.32312495911338,-1.93230443024466,284.524069907407,-324.709483680556,556.653899884259,-41.0293622685186,231.944416203704,109.377746643519,476.887826388889,870.734589120371,471.650040740741,347.169017592592,76.45403125,184.441625,271.437189814815,241.053232638889,204.625622685185,198.094659722222,89.19165625,44.4922430555556,18.1742847222222,4.47440393518519,392.161538773148,501.926440856482,546.981583101852,574.965836226852,575.015796759259,0.00126085283899693,0.992780409664645,0.10627704095389,0.444349172347735,0.0251820231287759,0.856565398946341,-0.0197278441456143,0.887403036038902,-0.0681341483912552,0.624462381326612,0.115746470830395,0.404583200703026,0.0112948094339148,1.5897498816253e-06,0.000389187834633709,0.000634134288858279,0.0133972455096916,0.00464226217700159,923.0496,572.3766,197.07283550324,597.926373009063,0.438558861250486,79.1783033143123,131.558039713195,191.376331205584,244.207379176836,283.619746356197,311.621177544839,344.868580360087,377.77188926933,411.092836517076,441.682238580139,473.670457174136,497.16969625515,517.811831100492,1,4,0.165704108814616,0.231119922799223,0.320359632173259,0.0181921618620993,0.282988209661208,0.038129086886416,-0.0699441051579934,0.615265394835063,0,2
41.29929,-124.05118,11482500,3.4588625229737,360.026348597503,3.40674719961251,333.582597792023,565.64553778694,3.28405832049234,36.0367030626781,0.0222241451790617,5.47864996127679,9.20152438600886,78.8164519230769,1354.18618945869,208.579911680912,0.0582410801260959,38.0467260683761,297.166331942219,399.141979661796,126.888888888889,5.74939813627731,2.91545190699384,3.23888372392243,4.63053813927133,1.81315180674264,17.277676635879,44.4109793470269,614.268490671813,-2.22465808641261,-2.03682597175571,304.25931994302,-347.710747364672,637.841917735043,-59.1487826923077,290.13117037037,139.846629487179,605.625836894587,968.153111111111,498.806654131054,390.856953988604,97.6103789173789,221.796544159544,302.719656695157,284.223383903134,225.568306267806,218.032219373219,116.963114672365,58.2857635327635,26.0616695156695,7.26936396011396,475.972390740741,587.694157905983,626.21503034188,641.645752635328,630.386305840456,0.0249216583866743,0.858033040024348,0.185219475145826,0.179963594212297,0.0901986722561964,0.516572985993165,0.0990247415479358,0.476212625425279,-0.0585404060239895,0.674136641622977,0.178772269759981,0.195868710469137,0.0343062539732953,0.000621089056742075,0.00980589943863563,0.00813580047678075,0.0319595244351356,0.00342697913745349,558.2799,718.0398,219.140892864775,604.970405131159,0.381692119741917,70.9830044683482,115.874351396987,159.069799772164,209.357616050541,252.283323617582,287.077780369195,322.32425126223,355.046980738909,387.90052021567,418.036870155748,450.684543679942,472.945344142845,494.817386952233,1,4,0.24813910829588,0.0704218887476672,0.473323817699934,0.000300674515265542,0.413579783396485,0.00188018776025976,0.0449686860700171,0.746784436321572,0,2
41.11126,-122.70558,11523200,1.52373129702082,308.104474150415,1.6605407716456,291.163321604938,427.740853190566,1.33136741783193,168.74172654321,0.125910409216221,0.548892676489666,6.26335966937257,552.562657613169,1047.78917901235,165.462940329218,0.51542796041808,469.81692037037,266.674839326132,327.403786698527,164.666666666667,1.04241711248285,-2.38491819328289,-2.20028957254746,-0.370592062731862,27.4934243347051,145.764895917961,306.139612724014,425.313920410195,-1.01329910765616,-1.09337540121414,220.789930246914,-151.161373045267,511.953251851852,138.074858847737,360.791878806584,190.613402057613,203.897259259259,1012.16235390947,428.220962962963,287.455787037037,65.7595802469136,164.401767489712,223.830798353909,230.126748971193,187.458592592593,170.796156378601,87.5387716049383,48.3266481481482,20.9839259259259,8.61359465020576,358.953620576132,407.682191769547,445.638581687243,492.91687037037,573.446739711934,0.117997969583835,0.395442069593647,0.276485491666337,0.0429861441542072,0.154917929527357,0.263335954022649,0.158173386918859,0.253311125224419,0.00182402185235639,0.989555878780335,0.258739675899873,0.0588702797323462,0.0764442271019764,0.0139235208259076,0.0250188203293832,0.0239995648890431,0.0669462198847716,3.32705571781666e-06,1629.668,382.9356,495.945970340705,577.539758279827,0.468356830783398,36.3514070038196,79.7824883367875,121.122216101862,163.403265941284,205.57676653918,246.611830611263,287.887904369802,335.359003745838,378.433835611001,417.357479722052,453.331849137344,483.110423881157,509.649731419881,5,8,0.274717252238313,0.0443912819492593,0.178731589123155,0.19597214394586,0.185207893815144,0.179991303282849,-0.258290317288316,0.0593268068971527,0,1
40.64986,-123.49421,11528700,2.53748022833938,233.858663575268,2.54819716732044,213.047264118247,412.709513405195,2.28531244938346,82.7791435779817,0.0593456355324338,3.21447373908104,8.53053503600294,284.284309480122,1127.36836119606,148.274247196738,0.247893497414454,185.270922205233,185.661152404009,260.969804476998,144.907407407407,3.55848563937026,0.242355801628797,0.578405575285258,2.39893361947612,8.90628193170235,72.9510849752831,172.033474105861,431.743423738121,-2.67250554537113,-2.0145955621399,277.282668654434,-313.82216399932,490.329932772681,-41.1650034828407,176.507768773361,145.765840791709,349.115447162759,935.63948470948,459.549135592932,337.768691607204,69.8926371049949,167.546779136935,257.87460924227,230.227090553857,200.812419130139,198.222244308529,83.4614938837921,42.7246741420319,17.9648916072035,4.1231875637105,311.850995344886,404.138298895685,454.836244461434,502.35391466191,532.203120268433,0.0889374291154179,0.526543006522431,0.177396036757021,0.20380900138147,0.0797155629287263,0.570439760815115,0.0440622208401424,0.754067201146979,-0.0476069155583139,0.734977962275062,0.111583142240711,0.426348409502767,0.0314693538570983,0.00790986629765988,0.00194147930536548,0.0063545709730437,0.0124507976323106,0.00226641840897646,1121.617,1980.083,134.861560695964,282.09790365887,0.21361008241251,42.6888159491008,71.6192427229966,101.611100621006,125.158813376977,144.038131551928,161.503125217764,178.512716929276,195.022378288145,208.550618589945,220.958608317915,231.103249866627,239.713223664276,247.440532703418,3,6,0.131257883410355,0.348836918036215,0.353631570432663,0.00938738633000969,0.341091801243746,0.0124394229699541,0.07161340253391,0.610348043818084,1,2
41.7915,-124.07619,11532500,3.16177184457789,499.188134107045,3.34491707321667,429.143046296296,702.34641446577,2.91676500793804,129.784142592593,0.0570789098683612,4.34151736167415,7.56070006247493,203.702094263776,1900.93737172538,306.348448961156,0.104223482475453,145.070265063234,375.462841852981,515.6102761962,145.148148148148,4.85951226362542,2.43577652694,2.66469714791503,3.65525711832673,8.4573493081903,57.8783837223534,128.025668514876,754.867285568377,-2.100925153192,-2.09541207083266,352.561478523035,-322.9721883243,781.704524819331,-66.4437445347787,458.732336495032,250.128835727191,625.283114272809,1594.93222131888,409.89373629178,486.243071183378,152.534135049684,323.09236269196,438.514219963866,396.311086269196,283.401384372177,300.774193315266,171.59274435411,82.2621951219512,42.5989512195122,9.89455826558265,611.138043586269,731.376840492322,765.589899232159,779.602964566396,783.240951242096,-0.235704147212776,0.0861980150400178,-0.1161908198319,0.402769483427131,-0.183665395174094,0.183709383187501,-0.150781976134174,0.276450704445447,-0.410146077547813,0.0020687728414347,-0.161448480739091,0.243489444167877,0.0135003066132091,0.0555564450133019,0.0227352043269268,0.0337329773844559,0.0260656119329606,0.168219804927856,772.0036,1577.962,405.314408789453,780.858693501374,0.359948906095737,91.0916164154918,155.686374999314,224.62449008888,286.354878705008,340.808343457738,391.650680683434,439.85418549252,483.503841652385,518.20041791834,554.330758361688,592.824806993193,622.120656179722,650.123547828007,12,3,-0.0494990078846913,0.722253387465516,0.118537463742939,0.393269849592422,0.111357407347162,0.422751467776926,-0.32308469804897,0.0171760069774025,0,2
47.80675,-124.25103,12041200,0.399079046081032,1062.67100830161,0.844150251719519,971.967268077601,1093.3739771653,0.254803955060005,448.699936067019,0.131928366199626,2.72035420387279,5.85671878909422,647.052457142857,2845.08843915344,573.975723104056,0.221059901130287,618.255129188713,897.206864274691,1034.71111732946,188.018518518519,3.00975005291005,0.85664566763384,1.30068936394151,2.08406090107818,56.7289069194591,206.167721189623,391.023330778859,1120.0247651391,-1.30693965291751,-1.61083573736539,126.057062081129,-188.619425308642,1098.02433015873,-84.0038417989418,909.404904850088,438.522304056437,489.861313932981,2934.68218694885,230.539377336861,507.790805202822,342.85708994709,455.268218694885,663.387477954144,593.132733686067,379.995925925926,401.36278659612,250.114585537919,133.74380952381,125.63102292769,64.4863051146385,1084.54120132275,1113.42764779541,1118.41336851852,1097.53678430335,1091.3050531746,-0.175405466224674,0.204560962168658,-0.0319462133934438,0.818619252108056,-0.0739897527731554,0.594920671142579,-0.0595396962801457,0.668893001411484,-0.207838483547231,0.131534147823909,0.0671744943703587,0.629361957951887,0.00102056055017941,0.0307670775814949,0.00354497543313204,0.00547448351543256,0.00451241269391334,0.0431968352432126,743.1267,655.7967,907.415767078086,864.180759101445,0.25896581564334,68.2577697280835,121.763959233775,178.090303781983,233.726394311823,285.644882126382,338.555743949532,390.854075282556,447.696780408612,501.678430644402,557.315419312791,610.471472959701,662.31354991005,710.803773797129,12,3,0.230639411265257,0.0933676248857911,-0.123593118316235,0.373256829499648,-0.2876316895583,0.0349455733179336,-0.684878932970804,1.11879588250035e-08,0,2
47.34037,-123.28016,12060500,3.30917418008623,926.946905754959,3.47563707980494,839.150021296296,1126.95154809675,3.13285586802091,143.973297222222,0.0502540091121583,3.71286724811679,7.59539967136873,199.048602777778,2438.69648148148,418.534305555556,0.0815603702765092,148.983138425926,755.918807884838,946.964179540024,136.222222222222,4.13992884259259,1.66188909796894,2.11477649342891,3.10092455585203,5.86190300925926,53.9330074820789,128.326998775388,1188.24248360215,-2.28368278041388,-2.08739529687739,330.487377777778,-338.701799074074,1169.63739907407,-49.6997689814815,830.9356,359.753746296296,992.350925925926,1884.53847222222,407.204836111111,751.720739814815,283.495,445.428657407408,532.936111111111,512.642916666667,319.204351851852,337.819212962963,200.562453703704,104.288981481481,74.9159259259259,38.7669444444444,1049.43739490741,1155.14378287037,1204.63070509259,1190.75588055556,1181.55162685185,-0.0219751224497581,0.898772058101987,0.00918199586657876,0.957613409755101,0.0118566640001284,0.945282831290288,-0.0560042336095688,0.745619148462511,-0.0612445589214768,0.722715325489567,0.0761671723188707,0.658838785762711,8.43090480938669e-05,0.000482906006681882,0.00313647418219509,0.000140580481211905,0.00580143813905254,0.00375089599748624,601.9326,198.2718,707.526123155184,1376.7654352454,0.481374987835974,162.125556657298,268.312843278772,358.059633907708,443.769995531387,524.173289365631,602.645774386473,675.394729216269,738.084488901935,796.321699948141,872.646404385853,936.320249301996,998.943169342959,1054.24697690522,12,3,0.0483203137786841,0.779589923077893,0.187559213123466,0.273343027904554,0.115402524959894,0.502715424243283,-0.274590767843943,0.105076412656519,18,2
46.74427,-122.14455,12083000,3.64686536947889,775.735823303859,3.74250230982526,709.702950793651,1013.44287472616,3.43909148181244,114.37284973545,0.0487119720924544,2.74495250410171,7.42600217445505,240.064381481482,1885.16907407407,407.430105820106,0.12461512889719,139.662304232804,644.093713293651,812.351509626216,131.907407407407,3.03679865079365,0.398436243386243,0.784535535074244,2.09488393606485,8.53595212522046,64.6428705751835,154.652909907834,1062.78580232975,-2.1033933322297,-1.8272649526708,358.833950793651,-304.120715608466,1068.5369015873,12.5155740740741,764.416185978836,264.479023280423,873.075264550264,1435.7208994709,425.98273042328,718.322671428571,215.260079365079,363.71582010582,363.805185185185,407.051931216931,273.650714285714,255.791137566138,162.126507936508,118.890555555556,93.2859259259259,33.1271164021164,909.391480952381,1015.56582037037,1098.25200793651,1110.69509550265,1121.31552804233,0.00283653284128696,0.98670644919465,0.123844568622595,0.465219116484616,0.0581366933748454,0.732513860282904,0.0895131919402301,0.598291535756567,-0.0488915934936657,0.773836362897979,0.156287912845657,0.355628494670615,0.0153374771773167,8.04591855962933e-06,0.00801261153132848,0.0033798751165609,0.0244259117016515,0.00239038791434987,834.816,198.7866,398.036288788404,807.592657085674,0.35821095025433,97.9290583469912,162.704585323323,212.07449839845,260.828258712274,311.005606263199,354.554400291248,400.222666855985,440.386037805653,481.01629593889,517.732934589152,553.188564470643,588.309425710787,624.696967166466,1,4,0.0772753157838982,0.640082578031024,0.123516942403068,0.453771554289996,0.114687584393231,0.499098451495083,-0.244225702536177,0.145187478456373,17,2
46.18449,-113.502,12332000,-0.382582281561426,375.042699460419,-0.286104021494808,376.322511728395,344.708727264631,-0.450495526292004,112.493211316872,0.148221368054217,-5.48715647679377,0.615048295306227,342.076771193416,410.17131255144,342.305138888889,0.757462346574976,307.587187654321,375.793942303241,372.862148805257,197.740740740741,-5.30216831961591,-9.96694880525687,-9.34259255940528,-7.50825637885423,36.021931090535,96.5871481547856,166.28066354706,342.365900517722,2.01362877676365,1.31218440490638,-45.6335104938272,136.754705144033,330.689001234568,222.184744855967,467.443706378601,109.60995781893,284.133423868313,469.357259670782,275.299589917695,106.790278806584,57.1715899176955,66.2234578189301,73.6763300411523,67.5838537037037,64.1245709876543,78.6494895061728,88.8055263374486,112.262095473251,88.9463072016461,52.2912098765432,366.719184773662,350.504689917695,334.259888271605,322.497600411523,324.1790218107,0.0361260123837993,0.795369984188252,0.00718302802030872,0.958887416765338,0.0326611548132884,0.814630949987891,-0.0094097604652498,0.946159124660492,0.0369762578923395,0.790661483208463,0.0211159843866275,0.87953698997013,5.1595891540468e-05,0.0013050887707543,8.85435920133792e-05,0.00106675103373766,0.000445884796616336,0.00136724364772078,2169.689,315.1476,247.249444079419,240.580902002274,0.316885644119324,5.27755166620809,15.3500911342518,30.037235611833,49.2248926593502,72.8215266715942,97.0104033815924,120.887394836461,144.579690528784,166.194313440573,185.832977786822,201.903521847705,214.234850093522,224.199249020906,6,9,-0.019797673685802,0.887007075657468,0.0351816139638283,0.800608373881984,0.0720848734365723,0.604462812594255,0.0665624331004321,0.632495187126949,0,1
48.49524,-114.01,12358500,-0.510021401766244,493.608034275699,-0.331126370269364,487.18372755144,453.361567822097,-0.60391303011511,308.500986831276,0.241417283279946,-4.82895330707694,1.68709127210937,739.101167880659,845.00836218107,415.91133718107,0.833329705333454,702.315651069959,482.884468966049,488.420119152396,195.296296296296,-4.40998627091907,-8.71059196734369,-9.12869881654055,-6.72952075140891,70.3827794368999,211.817442552768,383.406594376079,451.553353661224,2.71760393600664,1.70440524704585,-53.0890722633745,183.713354588477,434.094655288066,323.523043786008,617.808009876543,304.454432674897,351.147364053498,912.557655699588,271.950156975309,325.621005514403,83.8400330452675,145.129157119342,160.898627242798,174.979590658436,138.646636234568,137.549073353909,117.615608230453,121.3478118107,115.815804032922,61.1321131069959,482.836807962963,461.751744403292,440.901569115226,424.784018497942,423.751046378601,-0.0608669735661567,0.661952499334185,-0.0497580844416872,0.720858602099274,-0.0229015239357989,0.869436088315195,-0.0415541916060536,0.765440995326573,-0.0609432406314632,0.661554537514037,-0.0409199720960369,0.768921278198279,0.00247586696730606,0.00370478847110323,0.00172675084003271,0.000524479798582056,0.00167444411634055,0.00371407857866457,1723.701,2939.194,671.62984169457,648.487732020965,0.51387791621025,20.0354197871682,54.2725025472466,95.053075351799,147.361009434206,205.034040859123,266.507001448293,330.548856586256,390.317853158484,446.795150109054,500.262377821443,543.055397797516,576.133942258143,602.68288550711,5,8,-0.121031724289446,0.383318537483046,-0.100659837302203,0.468924407564994,-0.0121068738189536,0.930760219572515,-0.0424399719265015,0.760587968955442,0,1
47.58605,-115.355,12390700,0.0457712153532161,480.209606693474,0.316433716585774,452.799382098765,489.431753198617,-0.0790696633417502,121.127083950617,0.114980042702336,-1.53741175954647,5.51570926961432,453.861916820988,741.750095216049,287.81415787037,0.601779328833674,404.308696759259,437.140341854745,476.541035035842,164.685185185185,-0.967734809670782,-5.01371665173238,-4.81976493926722,-2.3275548964605,26.9004281018519,133.051493214855,267.963760508761,483.562963630028,1.23109501653304,0.564225386352311,42.0302836419753,76.1824743827161,494.829665740741,295.225576234568,571.012140123457,136.663801697531,335.631521759259,698.729700617284,401.729812037037,176.025012191358,79.5050313271605,146.287755709877,147.810426697531,148.212697067901,112.781024537037,104.460881018519,82.118625462963,87.715712191358,80.1103811728395,37.8694390432099,491.423769907408,486.84828117284,480.250241666667,487.936029012346,552.298903858025,-0.0449404940471724,0.746937903722069,-0.00977950418962268,0.944046827310578,-0.0289027012951915,0.83564735160324,-0.0270058963637463,0.84629823715027,-0.0243477936285999,0.861269514368318,0.0222749434638862,0.872978420371921,9.56387021948668e-05,0.00201964800520404,0.000729318438409399,0.000835366142158955,0.000496173106319331,0.000592815054580864,1348.9,470.2338,296.967532686616,325.904079993273,0.310159386023978,11.8504269696384,26.2780550338687,42.0877391133233,58.5455750900462,78.4612971029084,100.790558724901,124.652145085023,148.464669612813,174.013262301056,199.231159740034,223.613310255137,244.912620261098,264.914566613617,5,8,-0.00442972434190553,0.974639395739117,0.0342801612840281,0.805616689825291,0.0876938884755137,0.528332290936352,-0.0308929539672821,0.824503144606754,0,1
47.70611,-115.979,12411000,-0.128231907489117,571.726294610293,0.170323635551491,537.339625330688,567.544544386352,-0.30185864730202,118.80461792328,0.108288521824836,-2.15417161163238,4.51910704429044,495.984489351852,775.878796891535,310.276816335979,0.636992696118652,439.948438690476,518.244842648396,563.197498517238,167.388888888889,-1.38188627865961,-5.35734944529783,-5.28145763782215,-3.1927963748143,31.3763579365079,146.577126258747,291.383698227086,564.165122173152,1.27140827520573,0.927459895952445,22.5918978174603,124.947859325397,559.931523148148,358.626521164021,684.879382473545,132.625266666667,353.320076984127,738.015272685185,383.323277976191,206.948021097884,85.3762490079365,154.874072883598,157.863942460317,154.109764814815,110.897911441799,110.079346296296,86.3739630952381,94.6715366402116,87.8277831349206,41.4035334656085,577.03307771164,570.506176785714,557.814792592592,555.509513822751,621.917083068783,-0.0385697432191379,0.781857129290507,-0.0351019329492721,0.801050750571933,-0.0274413530904063,0.843850588414419,-0.0773797522604512,0.578106548075985,-0.0271809659017029,0.845314018365442,-0.00726198478413617,0.958435896905685,0.00123214569677521,0.0014876250919903,0.00598762605988878,0.00075302785943232,5.27364230050731e-05,0.000738804907349566,1202.523,867.4833,412.304138102503,476.012906568025,0.432736893331134,30.8685961938317,66.7479486284571,105.399018747681,143.927351740544,187.644905978786,235.641285356199,279.140210823826,319.346908733959,353.033497120455,381.318659604381,404.943885114646,422.338504033791,435.64759573064,4,7,-0.035616832177322,0.798193208571995,-0.00138065864763951,0.992094427491058,0.032102081808088,0.817749347629142,-0.0623801285743547,0.654074304378745,0,1
47.56889,-116.253,12413000,0.356097833408956,536.062631034959,0.621766493434565,503.03569457672,570.9913783959,0.212797842486058,104.422104717813,0.0925493103707333,-1.29066469822524,5.50268966648131,419.890223544974,794.008747707231,318.028585141094,0.52677045605178,351.982469135803,483.737288879244,534.353298372873,161.37037037037,-0.484555905349794,-4.49751652585766,-4.32018177732264,-2.14654094887316,23.6275235655497,121.595900903169,254.526024411162,565.101470895204,0.832563912432163,0.416545948231138,80.1685673280423,57.8597750440917,583.204261904762,301.54675670194,641.064036948853,124.384980202822,388.282443606702,728.380919708995,409.123260449736,216.347730599647,84.8159168871252,157.43603452381,162.303762742504,158.408855070547,113.807895414462,114.201893430335,89.5359535714286,97.9707029982363,90.2500328042328,40.2718957671958,556.867154365079,565.04345617284,565.802264197531,583.427979100529,669.274869797178,-0.152118579171614,0.272166021660797,-0.09612510518125,0.489284160254867,-0.125934549654876,0.364199522629295,-0.144284175323642,0.297913767163229,-0.116295616656859,0.402342420521852,-0.0363890328651879,0.793912644297172,0.00924003584610644,0.0231400621291907,0.0208179232488236,0.0158595107967764,0.00132416171286376,0.0135246704535992,1167.77,2325.166,391.528754799219,479.282586745459,0.426693236523184,31.4428885953535,65.0115074348654,97.8621184641186,133.193624966514,170.675842336514,211.701177274766,251.875300391934,290.330456536739,328.907729348579,358.306279325465,385.317815766623,406.490472476342,423.266558945166,4,7,-0.0789831385895587,0.570230236026092,-0.0567189232334443,0.683734121336584,0.0137907356633784,0.921158761376892,-0.187732221954196,0.174024218819736,0,1
47.27464,-116.189,12414500,-0.172164485482384,563.689098266478,0.141379571624981,538.202525352734,553.463744519071,-0.324436542151039,160.25001765873,0.127638312189296,-2.51480596466778,4.22979817317966,625.834237720459,888.249580820106,334.578840476191,0.69411992092161,593.17848542769,519.520701273837,558.472968612391,177.166666666667,-2.04313203630217,-6.16254236715594,-5.82127077359618,-3.58171724716227,45.1347607422105,187.46603855749,355.902117426182,549.634983068783,1.85577452020794,1.15341986149339,21.0231089726631,142.571973985891,559.225634325397,372.843836177249,701.797608311287,165.972727491182,345.745752094356,880.887511529982,365.901327116402,296.950727799824,92.8166098104057,169.233210273369,175.646951521164,177.010891688713,134.966215101411,134.942420194004,102.616351146384,104.574058399471,88.9077101851852,38.4807207451499,568.053977579365,556.82904021164,542.642794069665,538.729185273369,587.668212896826,0.0397840161261792,0.775166114472755,0.0214193941164298,0.877819195202812,0.0800917013541743,0.564813852852772,0.00311705148714998,0.982153102831864,0.0481443100690852,0.729561157302892,0.0458747788584326,0.741857209200957,0.000458790444314849,0.00158276793912815,9.71600997345945e-06,0.0064146806258063,0.00210449533530999,0.00231787459202815,1381.269,2678.972,516.572688700215,539.774061350841,0.437245955361977,27.2630491361501,60.1960776897783,96.9623322414828,136.736867730801,179.358578195085,223.763176606273,270.053658483207,316.634692579149,360.574204493089,400.568091686745,433.811628898171,461.36812224573,483.095982487423,5,8,-0.0134881928233899,0.922883092503313,0.0135121275034245,0.922746664805133,0.0742756852858827,0.593494129474799,0.00626843310905766,0.964118489809633,0,1
48.32958,-120.69177,12451000,-0.582979551185213,566.769523777494,-0.383281477156092,558.610549931413,521.344133253601,-0.660205097533563,630.638435116598,0.349113356580928,-5.01900077821077,1.60400008088802,1337.68957201646,1464.12906035665,311.448511659808,0.887060871319456,1287.64001687243,545.363403148577,560.527835782557,191.925925925926,-4.9987385482396,-9.18010534758175,-8.85138520731006,-6.37293058148689,207.926351957019,498.672237691933,783.581946568432,518.484917498562,2.79040291468267,1.89695177282594,-61.0501487654321,212.256742318244,497.560401165981,357.502971742112,709.817143484225,628.700354183813,247.748984910837,1537.93968449931,178.438693484225,515.283902194788,168.529238683128,307.701550068587,276.458964334705,294.467496570645,210.392386831276,203.671652949245,124.415144032922,84.0285185185185,57.0372222222222,45.9676268861454,553.731556790123,529.292332510288,507.985344650206,490.729385116598,491.390445473251,-0.193210967698788,0.161569439689487,-0.104576175865209,0.451714122577387,-0.0657954683523499,0.636430442952848,-0.103263265473068,0.457444701881132,-0.185081088780744,0.180294893740153,-0.128978749268313,0.352625164800412,0.010936176558591,0.0373304780391015,0.0106633019961613,0.00432904365570508,0.0166355177628182,0.0342550094242657,1533.989,830.5974,1045.09079001228,1022.22918760597,0.581084754986621,24.8917689935069,62.888852970966,116.054365497341,180.550638238079,252.702337636519,335.261245460195,428.117720276461,515.304478421417,593.473256005145,673.453135502676,750.869805587231,816.89794915037,875.804799841121,6,9,-0.0698007070920525,0.615991935731655,-0.0867243119721761,0.532919462275385,-0.120651344033513,0.384826381076624,-0.18335803348582,0.184456806566101,0,1
47.81846,-120.42314,12452800,-0.458690098735265,445.08102977049,-0.330270547874555,438.392493464052,409.493201836268,-0.531020933397338,290.170314705882,0.250789279910286,-4.73101740367363,1.89898501339252,842.689593028322,917.849248366013,218.418039215686,0.896465935823351,815.135703594771,433.155854833878,439.178031344437,188.796296296296,-4.62136220406681,-9.11039388924028,-8.67842824161923,-5.94351496292003,121.818246840959,309.997502449223,488.592954540024,408.062353092276,3.48454876739009,2.04121355418297,-51.4903814814815,233.679605991285,386.902111982571,373.278121459695,620.581717973856,289.95616328976,189.049803921569,953.835185185185,232.218289760349,266.480098910675,87.8685620915033,205.545272331155,172.838453159041,179.352679738562,130.173300653595,140.152189542484,69.0907080610022,60.7042047930283,55.3125816993464,33.3105446623094,434.914952614379,416.602163834422,399.058547603486,384.779333442266,386.435194880174,-0.0559040571443255,0.688043914417339,-0.0398210756747635,0.774962156965267,-0.0328517653276382,0.813568411473046,-0.0629809764588517,0.650956296582531,-0.0667650066782188,0.631457471235913,-0.0455051114195325,0.743866190013579,0.0015857180678952,0.00312526360519605,0.00396660339571031,0.00107923848514224,0.00207071516530399,0.00445756611674253,1519.764,526.3533,489.61217951404,481.746205264988,0.418893960790312,9.16050037817508,21.9945489718281,42.1793092698876,69.5343619115821,101.575669724611,139.319985327979,182.403457272267,229.114339656568,275.796127697386,320.275439505352,360.692819435722,395.010802665279,422.50883076415,6,9,-0.0429208558034396,0.757957107769312,-0.0430993300610586,0.756981385588148,-0.034977604559767,0.801741126280222,-0.0677561585404715,0.62639032526632,0,1
43.85028,-110.518,13011500,-0.197524045220067,421.711499480216,-0.108760550702803,417.787402037037,406.122110535784,-0.245819937799896,204.733267222222,0.207368148622459,-7.7524722557139,-0.615354748590907,633.90942037037,679.257969074074,269.264279074074,0.87428976533015,591.145211111111,411.333798778935,419.981579898447,199.444444444444,-6.76593643827161,-12.810530567503,-12.8485199880526,-11.0093168648513,65.3614610740741,200.039691290323,346.359397299881,405.621706714457,2.01225648026093,1.41771148533067,-17.1719324074074,142.331109814815,400.61546962963,250.326684074074,542.946579444445,203.737690185185,209.989078888889,741.605289444445,253.240962777778,244.816100740741,67.8481618518519,122.874444814815,142.678165185185,147.985371851852,101.724957407407,93.8598872222223,80.0499109259259,89.8798516666667,56.8489711111111,42.4855453703704,417.792822777778,409.521337222222,401.518066481482,394.492014444444,395.421299444444,0.0525974900221218,0.713944991829214,-0.0343722398875776,0.810754971702213,0.0585960294336821,0.682953233468432,-0.0400734009710605,0.780092347076045,0.0559865645308988,0.696375166352657,-0.0254604144881585,0.859237583286226,0.00118145087488919,0.00276649595662715,0.00160587746538743,0.003433494665393,0.000648232705908858,0.0031344954079725,2470.613,404.0775,503.852170284263,490.091426345242,0.505071417296735,12.3023969693253,37.6701524346002,73.6884780271111,118.849971194373,169.65692851825,227.416553061251,285.161218738252,337.804198781999,382.911471996066,417.071704605297,443.117773411017,461.119189651665,474.619768043429,6,9,-0.0244105345919439,0.864986862301249,-0.0123499445240756,0.931456097796241,-0.0138025880318356,0.923416496960298,0.0662896720036594,0.643955348625638,3,1
43.83806,-110.441,13011900,-0.290264634198606,486.238602164812,-0.223827538596035,488.054149722222,463.050363135877,-0.332917950979816,155.981721296296,0.163584826000231,-8.44267691196882,-1.68647696216866,625.059676574074,656.081536203704,262.706142407407,0.884555421863087,579.716005092593,487.145013310185,484.935724184588,206.666666666667,-7.70232503395062,-13.6156705436081,-13.5447714456392,-11.8519398770754,72.0766628179012,200.074598623058,337.918841081242,461.660714097969,2.84591005573859,1.83425825028767,-38.439127037037,174.167485555556,449.615022685185,254.029567962963,623.782508240741,154.498004166667,190.505234351852,731.516377314815,215.245780740741,269.916764259259,66.9443606481481,116.34722787037,135.676831759259,139.478508333333,97.9470787962963,97.4598868518518,74.6121905555556,87.2051861111111,57.6174327777778,43.271332962963,479.320899537037,467.032102777778,456.140847962963,447.132475370371,442.570970462963,0.0758603587255466,0.59298864019704,-0.0298831485669115,0.83343432451608,0.0616991377607337,0.663912567954604,-0.0539554963344834,0.704021550775498,0.0837329340607009,0.555078864141371,-0.0223962753575915,0.874775485888475,0.000893002568272072,0.00575479402596846,0.00291119558470043,0.00380678360041797,0.000501593149893065,0.00701120424641355,2731.586,851.8032,431.410368322167,416.304657460784,0.447433267353979,9.58821045753291,27.8025900818405,53.3851443619841,81.6524329211254,117.294966313815,158.78210630108,201.984371977001,247.52995967848,291.052206131651,328.562923513319,360.436776006477,384.382694617724,403.502167460747,6,9,0.0143790528954521,0.919412793788273,0.0295874197772285,0.835059600994026,-0.00894301596158084,0.949828170716614,0.0994591569615657,0.482979883022022,2,1
41.93324,-115.675,13161500,0.0503711779634814,235.857294373129,0.0960741544803638,230.089568,244.197786875887,0.00886438455829682,17.4291975555556,0.040725489794337,-3.15092558813532,3.75547208551982,139.924019185185,265.710788888889,130.57378,0.495038226471462,88.9844113333334,225.743647157407,235.716035794504,153.814814814815,-1.7117399308642,-6.64901799044206,-6.90893006212664,-4.9661464709907,8.32134971604938,41.4125486571087,89.221973651135,239.674613132616,-0.16515010593242,0.0316765059402456,11.8737489629629,4.31352948148148,241.963316962963,103.265912740741,246.276846444444,23.0007157037037,160.362035333333,238.861428222222,244.499874,25.2047273333333,25.2689399259259,44.6425401481481,58.6130411851852,59.3788026666667,34.6703808888889,41.6556413333333,37.7238748888889,42.1892862222222,36.398317037037,14.2623018518519,239.507792962963,240.238118740741,239.417228962963,243.222553703704,291.329492296296,0.399508411372471,0.0033449939520035,0.443964027039845,0.000977712928379128,0.328610947699376,0.0173826514856627,0.354110531441773,0.0100095334704012,0.407045114444147,0.00274672946699454,0.475118835080303,0.000372028855317965,0.197104057305436,0.159606970757355,0.125394268477975,0.107985154947882,0.225737907448064,0.165685725192849,2044.987,986.1309,68.6490186698338,79.1472619000175,0.191637811171031,2.85838043407828,6.64546469946333,11.269956422621,16.1287508534617,21.3533987424996,26.6986904831803,32.5608575849312,38.0240879228102,43.7681971480662,49.7380162004861,55.0754307364266,59.8858359422669,64.2397067975458,5,8,0.506529839440196,0.000127366245950003,0.464555655318555,0.000521592495325008,0.435297195664132,0.00125912022517479,0.334839787256518,0.0152510308577078,2,1
43.65944,-115.727,13185000,0.0537585587977745,308.964019917553,0.276263791721915,290.423653761574,318.274998635315,-0.0646485018674531,102.821158130787,0.105747105191627,-4.65004454898278,2.55838309795008,507.764155960648,671.600368894676,208.346450520833,0.731910438188491,447.3921796875,280.108746221246,308.13817687612,168.888888888889,-3.54732668981481,-8.89010631627091,-8.62340562182646,-6.16963246256956,40.1409302623457,167.543189734543,317.117387583072,312.916075668309,1.08325937225331,0.764943279773504,39.5222614583333,100.242096614583,329.945915219907,314.991952517361,430.188011834491,109.175341695602,227.668008449074,654.925936313657,335.374423090278,188.794390162037,51.1951978298611,127.204983767361,161.841926909722,140.032125086806,91.6580429398148,97.5404833912037,67.1494161168981,66.6469793402778,52.2206849826389,22.3293700810185,316.979685011574,315.402304079861,310.491278761574,312.374542158565,390.412432175926,0.171821252155568,0.21411005351855,0.13702331327368,0.323142245533114,0.165197581459551,0.232569041516994,0.111682658436414,0.421389408558546,0.202640353043177,0.141684254066942,0.198114043387147,0.150988695509024,0.018775388380497,0.0295225426923078,0.0124730161954247,0.0272902409200851,0.0392491741872043,0.041063112681463,1955.097,2154.389,356.143087565791,374.657979269296,0.416873656470086,11.3878554412858,24.9782333078092,42.2625380818207,60.3902202399811,81.5326563604362,105.770960239427,130.793315078093,157.761707027255,187.362964054619,217.571197070346,245.377561621278,272.278341215004,297.389885478057,5,8,0.106706945749079,0.442498224310851,0.160006536387374,0.24778119576527,0.266229191058933,0.051669537744338,0.240688736792302,0.0795706331645153,0,1
44.98694,-115.725,13310700,0.0221640288240205,410.973356110359,0.217604034593081,392.097587345679,413.439180104845,-0.107482145794096,164.036860725309,0.146939659234742,-4.5531071883092,2.18880729990544,635.352783179012,788.43091712963,250.337310339506,0.784090885794156,605.823731095679,382.575248543596,409.3828295226,181.833333333333,-3.4502354063786,-8.57108943647949,-8.53930509010355,-6.44589662736423,45.0648384002058,179.632049439964,352.889310282258,413.680181829948,2.02563364118495,1.18747707094985,33.6967923611111,143.857348533951,425.79437970679,325.141815432099,569.651728240741,165.806853009259,237.943119290123,801.984068287037,308.405073302469,257.202221064815,58.8465919753086,137.197485030864,171.842486033951,181.634876774691,113.556908333333,122.988486033951,79.4931215277778,80.8642431327161,66.467600154321,23.5123455246914,418.034597376543,416.606507098765,410.499268827161,406.791049228395,441.136759876543,0.0624846334891549,0.676498378914474,0.0465852860554272,0.755845058925046,0.0431128324911158,0.77354456771576,0.00786387327560365,0.958161333746059,0.109142178508429,0.465219922805998,0.130202825811838,0.3830387339351,0.00217018887686604,0.00390432942227403,6.18405028948166e-05,0.00185871632540702,0.0169527758493878,0.0119120151295657,1943.643,853.1325,414.469216314582,417.957841608874,0.390557937857744,11.1893011705111,27.1914766176789,48.64006260782,72.6588545255404,100.493019912661,134.397369439072,168.80291003661,206.809533497048,246.820372091811,286.357660174884,320.193854061356,347.635010964287,370.229673395748,5,8,0.121384697232289,0.416347085131723,0.202348551923421,0.172556458731443,0.241426918590159,0.102079378252565,0.159156176238711,0.285264400515145,7,1
46.15083,-115.587,13337000,-0.0715758979227372,592.573889325951,0.15368251098187,583.104423781677,586.620473943772,-0.180998961272018,222.290496237817,0.181093832746081,-3.48884423423159,2.99486317759351,655.508735107213,811.585237173489,372.87110705653,0.773839257804176,625.377209824562,567.935367563353,593.867637804188,189.111111111111,-3.33452007927225,-7.62079539583726,-7.05218940765893,-4.85047886833943,63.8218803775179,200.987286805005,360.117759957241,584.148586433377,1.66337531109296,1.0348275582533,25.7885136842105,116.717330253411,608.892937465887,278.176311968811,725.610267719298,221.346383274854,329.865904288499,857.02544380117,324.030956393762,321.729753196881,88.8186573294347,148.14549834308,154.728043196881,162.644084152047,121.955927719298,131.066049220273,116.2422817154,116.100797797271,98.098715282651,42.4293122612086,597.03480711501,588.641635360624,579.857166939571,575.183266062378,603.393330721248,0.14010286791992,0.312281598192301,0.070255554629417,0.613688666061771,0.182580276497231,0.186357863140492,0.0673994223993768,0.628212140891952,0.0956031979181423,0.491656666398626,0.0485459932599497,0.727391798818031,0.00493584295628713,0.0196288135993865,0.0045426821397696,0.0333355573658054,0.00235671346159505,0.00913997145217538,1584.1,3053.417,608.593770192542,593.123826503832,0.498311282464852,23.9350990831049,58.1279493906153,100.365809648666,148.178554056846,201.657289555833,258.899008793536,320.172877878079,378.196870391434,431.039192749437,477.450759892448,512.347685824572,538.406941745738,557.460370694112,5,8,0.00743860108768755,0.957425951108674,0.0153918312655154,0.912039555147001,0.0586381769530451,0.673622918155528,0.075522680031596,0.587290620249343,0,1
46.08639,-115.977,13338500,0.322240007831659,460.927381261468,0.438206407369694,454.969672636166,485.782758986718,0.275329834250208,55.805801459695,0.0704285967111646,-1.2500378159926,5.02972453065953,285.042560544662,479.762156862745,297.298209150327,0.570763411164083,268.182687538126,445.168064237473,467.177191888397,187.648148148148,-0.881279589687727,-5.1823802832244,-4.73137716635041,-2.5130390343647,21.0893799498911,83.0220363061354,158.135611419636,483.810154181601,0.712325918204886,0.338235463095815,69.3920413071895,38.0858257298475,524.361713943355,175.153759477124,562.447539673203,55.6232522004357,274.141779956427,503.595793028322,367.35343335512,99.7717691721133,58.8730326797386,86.8450893246187,88.4387450980392,93.9311895424837,66.2468932461874,82.4103834422658,79.8983594771242,92.4233660130719,85.9553638344227,39.021119825708,475.414050936819,480.265370631808,487.943094270152,495.932089324619,524.167477799564,0.202527823229029,0.141910265437421,0.225228940379805,0.101531002821649,0.228892751441763,0.0959451082597019,0.226559800142914,0.0994735931097048,0.227173146841693,0.0985363426801223,0.249400475066203,0.0689594276846778,0.0507280755846097,0.0410175191818886,0.0513293430407972,0.0523918916625805,0.062200596963248,0.0516076386459572,1384.55,3027.002,202.85016946238,196.425053478534,0.249127929103616,11.3944536920738,26.1975129578766,43.2259772063433,60.4690939491359,77.6870798406648,94.9338936175623,112.411884284137,128.864658954697,143.919520668868,157.009296498158,167.635919613116,175.852211201417,182.262209758356,5,8,0.277006173971909,0.0425794083916048,0.34581945198239,0.0104268319822308,0.315122616592275,0.0202888859291381,0.252220280271148,0.065777642946528,0,1
46.47833,-116.258,13340000,0.32811589184008,498.068049637741,0.510410946924568,489.917379940801,524.883572212697,0.255258703956995,106.023346774438,0.108634599469218,-2.25511836280573,4.43000135941648,398.024631792653,629.972523535216,315.922779918033,0.619927271501974,377.884801092896,476.992471846302,504.489754730987,178.259259259259,-1.78384334168185,-6.14242269546781,-5.69117371197877,-3.36120656390108,34.1372544492512,123.272226557573,235.003527589998,520.053893590007,1.02168566746189,0.377770338515469,76.1701512826351,47.579483492714,566.087531223437,227.089869626594,613.667014716151,108.34073887371,320.209612947784,628.126169057377,377.687476844262,185.064536020036,70.7157521478446,113.119979682756,120.922231481481,127.255367691257,92.1000906648452,102.506833758349,91.646552071949,97.6944306238616,86.6703843199757,39.9114129022465,514.261766568002,518.494016226472,522.889087386157,534.22990069065,583.63595136612,0.149260625921631,0.28138166467811,0.126120720567705,0.363485134107937,0.162087067596772,0.241605075106897,0.104891052750086,0.450345635107961,0.155850023203978,0.260438910403317,0.138906623444085,0.316472323876436,0.0159064361565172,0.0222787344505166,0.0110021329470213,0.0262722174821202,0.0192950500366367,0.0242892297326799,1443.614,14268.92,393.42456438604,403.301691731763,0.422074531989601,14.9497818828407,33.1725175935348,53.9298341845488,75.9503927702592,103.013059975159,134.28518963931,168.129653922262,204.601987970021,240.938802290417,274.792570059807,306.801548550847,332.729698450536,353.650381723198,5,8,0.0782482632119728,0.573833996259275,0.121206976662862,0.382625013335312,0.184778317989521,0.18102126602659,0.137896294540969,0.320039516734367,0,1
46.84047,-115.621,13340600,-0.00233680355348718,652.305929417051,0.292845481307283,632.757411473845,653.031001272759,-0.15676776759932,246.254239308897,0.182435582956518,-2.89451266658031,3.6635961353311,701.284347441772,924.882016723941,376.191697365407,0.739618728935593,671.056747308133,611.713177672179,652.383678694774,182.685185185185,-2.51001348097238,-6.79352815713951,-6.32800084740544,-4.14709132742069,56.2437782951508,209.461100849253,390.532861017502,649.947510175024,0.920798162907615,0.806156751882446,45.1997696067201,97.6472725658649,677.957181080565,289.816850706377,775.60445364643,248.151568633066,360.979233657885,942.082695838106,343.129262103857,373.022886979763,95.3955857388316,172.167652042764,177.281530278732,187.918821191294,141.126379190531,146.910861416571,120.492603436426,117.849274494082,98.1524902825506,39.6973291523482,661.495101240931,654.463989862543,646.144415253914,643.699795399007,690.912695399007,0.0307145836471005,0.830579367402608,0.00365488014615624,0.979692794463213,0.0486273875014564,0.734714924138867,-0.0214103889304382,0.881453273084009,0.0108299563536157,0.939875663676199,-0.00324989842446856,0.981942554018178,1.33581488828138e-05,0.000943385648614736,0.000458404754152708,0.00236462281521677,1.05618397694407e-05,0.000117287954621181,1442.679,3354.622,611.20998280967,613.442852505249,0.468015325441101,28.6843816458278,63.5548448397114,103.556732606827,148.626694026518,198.356308716399,252.429394090525,309.223708966199,365.619613762977,418.898739066022,466.649030747288,504.762117250205,535.004388127725,558.956756309565,5,8,0.00210216613797349,0.988319149388396,0.0160764701144788,0.910847288079723,0.0152801454628761,0.915246785576844,-0.0118130230963589,0.934429428201408,3,1
45.83678,-122.46621,14222500,3.68139605135887,690.116511878945,3.71493831760907,634.496163299663,944.366704969935,3.53931053453048,150.778254545455,0.066500225841042,3.41304433787332,8.19750799040004,231.215875420875,1810.99543771044,436.363922558922,0.127217269830318,157.903873400673,582.916897059133,725.384649375475,138.666666666667,4.21447272166105,0.851793727598566,1.00779070272619,2.71032867509247,8.6499324298541,60.0573735853155,149.367197100033,985.190645481699,-1.85148135098176,-1.75635767452858,394.056084680135,-284.091488888889,1028.5522479798,21.72112003367,744.460759090909,288.029421380471,829.108838383838,1434.58634680135,470.909881649832,576.915172390572,194.227474747475,366.330033670034,357.645134680135,357.589141414141,259.794898989899,269.273063973064,181.982878787879,131.163771043771,91.5616161616162,31.6556565656566,819.741996127946,937.711315488215,1027.40514478114,1065.67237626263,1090.83006296296,0.105976954284942,0.445643728509361,0.282749061974953,0.038299319545001,0.186743674873368,0.176343650792302,0.2683517040618,0.0497644435206406,-0.0525179997033222,0.706056842551979,0.210724315246326,0.126140686726527,0.0799470320477159,0.0112311148395127,0.0720126370728722,0.0348732001052102,0.044404737036033,0.00275814029283827,573.2823,323.8893,454.020441253642,872.745078286979,0.394898429622931,116.973909798697,179.72932997192,238.237547462919,305.535048892048,364.336326445601,415.723394244748,464.466626634699,510.12160747286,549.74654529598,590.185756448039,626.704117722618,663.385725342304,693.844947423795,1,3,0.174292677183183,0.207492895616196,0.00367664138346068,0.978949798434588,-0.0307828742436536,0.825118649080868,-0.464526358002546,0.000402351060468386,0,2
42.804,-123.61091,14309500,5.06541410441299,383.620874141288,4.76434535717274,378.513382592593,733.519186426346,4.92934419708178,46.378122962963,0.0250466722939477,5.58017884906191,9.05120438309033,105.49180037037,1618.49455555556,257.176666666667,0.0642697707053912,22.6222255555556,341.033519618056,454.230650059737,109.555555555556,5.50937577777778,2.73827555555556,3.17211433691756,4.28624931444992,2.27159733333333,18.6237091517324,52.3614730585424,786.962625985663,-1.98277306311681,-1.55756408608493,370.37942037037,-278.390234444444,748.892802962963,134.543950740741,470.502568518519,258.994214074074,895.071481481481,989.318111111111,571.98942962963,444.450113333333,122.733851851852,290.967518518518,380.338074074074,324.536148148148,256.705888888889,238.108148148148,127.457222222222,83.358,35.9833333333333,10.3781111111111,541.605148888889,717.742868518519,842.478101851852,903.866377407408,925.86093962963,0.132275314175776,0.340349322623371,0.230282791187928,0.0938894458965713,0.231040339144212,0.0927836712127216,0.2311553717403,0.0926166521566263,-0.0190056264542624,0.891499871550499,0.18357156542442,0.183937321344385,0.0530301639173029,0.0174967587403001,0.0534328058843961,0.0533796383118724,0.0336985196323719,0.000361213836919005,736.2654,224.9208,138.661110927013,577.282894589925,0.303961806045179,73.5048833633883,120.432671437795,164.731563554816,208.019865578692,241.012130134828,273.879946812883,312.819804698003,347.045730859402,376.323494166243,404.205136797453,428.520616504746,454.822004751434,472.895188563164,1,4,0.219457658391963,0.110835684072586,0.473603919506451,0.000297860264965722,0.391659415179669,0.00340338552631143,0.029729393123009,0.831014356967354,0,2
42.12344,-124.18731,14400000,4.98330783434559,529.254735345842,5.1554510219382,452.237480277778,822.553058451427,4.66122456701556,178.62514037037,0.0542935067656003,5.37795960598512,8.76202487068296,195.380517777778,2739.28321296296,481.684944444444,0.0697443718870505,113.746971666667,384.101300190972,574.48351270012,127.611111111111,5.60375469135802,3.09883391278375,3.52058337514934,4.47871340950556,5.91444470061729,51.4560664575866,120.239795501792,892.508083422939,-2.39939457777501,-2.29517329463414,446.068213703704,-382.846018425926,898.305693981481,-32.9790044444444,515.459675555556,562.407135,1292.74978703704,1942.1684537037,483.655071296296,818.713015925926,218.840666666667,483.659314814815,619.180842592592,520.946935185185,420.951138888889,465.766333333333,268.052259259259,138.111666666667,58.0992685185185,17.42175,708.321493611111,863.32091287037,904.517279907407,922.377764074074,925.854114351852,0.170377766324573,0.241824967471923,0.215936232033942,0.136177881828154,0.252390124305002,0.0801925401756034,0.22406991199417,0.121682013802483,0.0392232913358198,0.789024119602488,0.170894718390735,0.240378237929225,0.0466284563050164,0.0290285832577507,0.0502073254610751,0.0637007748466945,0.0292050047738486,0.00153846658321455,671.229,702.6345,476.706949946877,1364.49573317947,0.423116969959546,150.463550281701,251.826101627634,355.080536577056,468.438921876255,548.657685993768,625.179520667268,728.788057558477,816.187849876545,875.652957140997,930.332038762395,990.845239452376,1053.06989732999,1099.35321693729,12,3,0.242601032111188,0.093042541017583,0.419402658049771,0.00270268334217932,0.336526778297484,0.0180645794249412,0.0749037780529541,0.608993736507313,5,2
