ID,GAGEID_short,Elev_band,AvgWinterTemp,AvgAnnualTemp,PeakSWE,NovTemp,DecTemp,JanTemp,FebTemp,Cluster
10396000_16,10396000,16,1.66607006,7.17090232,34.23346852,1.458611543,-2.703045759,-2.285155137,-0.022955355,1.018518519
10396000_17,10396000,17,1.271115435,6.879951549,33.77983519,1.140043364,-3.010164456,-2.608528256,-0.374357081,1.018518519
10396000_18,10396000,18,1.313122627,6.875478692,33.3718537,1.152291296,-3.001906452,-2.601633751,-0.360690364,1.018518519
10396000_19,10396000,19,-0.614971561,5.756775894,120.9284623,-0.107139712,-4.381709757,-3.99578871,-1.769273657,1.037037037
10396000_20,10396000,20,-1.66547119,4.958267004,224.2726542,-0.919421173,-5.211414247,-4.813610977,-2.5484172,1
10396000_21,10396000,21,-2.49545264,4.027167428,316.0722451,-1.851106543,-6.147808483,-5.779146575,-3.439071487,1
11381500_10,11381500,10,7.431849292,11.63567754,34.10354815,6.989886667,3.769744385,3.883367682,4.948866655,1.814814815
11381500_13,11381500,13,5.182126656,9.727586593,66.14046481,5.220197407,2.030828136,2.053264994,3.02389288,1.759259259
11381500_14,11381500,14,3.05629065,8.125268438,162.9700185,3.642851605,0.411312605,0.411399044,1.393519907,1.87037037
11381500_16,11381500,16,1.632075089,6.76788656,300.518588,2.320854846,-0.879241607,-0.929226971,0.043607251,1.814814815
11381500_18,11381500,18,1.662723214,6.800223638,300.2831685,2.352548086,-0.846948984,-0.916951553,0.05894501,1.814814815
11381500_20,11381500,20,-0.092451337,5.158672581,520.2152741,0.658460123,-2.543668339,-2.613822282,-1.649770142,1.407407407
11381500_21,11381500,21,-2.794371307,2.260506713,1600.267413,-2.348584815,-5.523869056,-5.603869654,-4.668519456,1.074074074
11381500_5,11381500,5,15.99229469,15.33417357,1.994838889,10.33967586,6.912635006,7.14780914,8.613689023,1.259259259
11381500_7,11381500,7,10.35853193,14.02024655,7.735740741,9.128629815,5.757025687,5.946553644,7.266596333,1.722222222
11381500_9,11381500,9,9.157046468,13.12198803,15.32819815,8.370844506,5.088464158,5.229566189,6.425912899,1.759259259
11383500_11,11383500,11,7.983855857,12.10550965,23.27657407,7.490859877,4.198105257,4.351996894,5.41891915,1.777777778
11383500_12,11383500,12,6.81005225,11.10019427,41.5987537,6.531548086,3.298025926,3.391418757,4.388111998,1.833333333
11383500_14,11383500,14,5.729713895,10.17570748,64.65073333,5.61572179,2.351219415,2.432493548,3.44361962,1.777777778
11383500_15,11383500,15,2.880911534,8.122136668,206.0929111,3.538619877,0.155935723,0.200497073,1.277105013,1.87037037
11383500_16,11383500,16,2.943429023,8.041882714,159.4981167,3.513532593,0.196434648,0.175029689,1.214872735,1.833333333
11383500_17,11383500,17,1.725652267,7.089236779,273.4996088,2.459799722,-1.016750149,-1.060809483,0.115237047,1.759259259
11383500_18,11383500,18,0.649570537,6.081675528,380.9147204,1.458921235,-2.018083542,-2.090123835,-0.908059737,1.685185185
11383500_6,11383500,6,14.5840884,15.06880941,3.359624074,10.16270593,6.798135603,7.06794773,8.439481625,1.444444444
11383500_7,11383500,7,10.58757489,13.70272657,9.684677778,8.99544642,5.711062127,5.923235006,7.120870642,1.685185185
11383500_9,11383500,9,8.990799193,12.89728038,15.6886,8.236127531,4.957252151,5.133230645,6.24302196,1.722222222
11473900_10,11473900,10,5.964493187,10.55470027,82.06433611,6.15180841,3.065431467,3.485536126,5.037741127,1.962962963
11473900_11,11473900,11,4.678242622,9.197779727,130.2028574,4.664040235,1.549882115,1.953356941,3.551629974,1.888888889
11473900_12,11473900,12,4.094165747,8.914113896,237.1295179,4.313319506,1.193856352,1.585094763,3.221704462,1.962962963
11473900_13,11473900,13,2.797707423,7.736132952,319.9735106,3.102012857,-0.052443284,0.317067409,1.961293355,1.981481481
11473900_14,11473900,14,1.896204332,6.932527417,450.2122319,2.285974907,-0.924965457,-0.563088993,1.064743218,1.944444444
11473900_15,11473900,15,1.570752804,6.727804147,558.908695,1.926389118,-1.299781831,-0.966722623,0.748657095,1.925925926
11473900_16,11473900,16,0.148241833,5.394477481,776.6333525,0.450520885,-2.760135783,-2.435289765,-0.664933643,1.555555556
11473900_17,11473900,17,-0.671517808,4.579798074,818.675812,-0.431798364,-3.705367593,-3.370061977,-1.575037035,1.333333333
11473900_7,11473900,7,8.07748331,11.97502965,16.79371337,7.511470206,4.508333951,4.914967968,6.495555662,1.796296296
11473900_8,11473900,8,6.948775466,10.96853027,43.46743074,6.591851914,3.59709276,3.999830705,5.554789938,1.851851852
11473900_9,11473900,9,6.26232079,10.31585608,59.98451111,5.906961399,2.859922242,3.282990681,4.840586045,1.833333333
11478500_10,11478500,10,4.174479472,8.108542441,125.8558407,4.356315648,1.413957855,1.765144564,3.204517109,1.888888889
11478500_11,11478500,11,3.6513622,8.028432898,173.2728074,3.868267963,0.832867588,1.187520379,2.745150829,1.851851852
11478500_12,11478500,12,1.388477076,5.90007368,495.5138407,1.825545,-1.176508423,-0.819838112,0.685636948,1.888888889
11478500_5,11478500,5,7.964231747,10.22483646,8.691114815,7.636405123,4.993462963,5.328025568,6.369131235,1.722222222
11478500_7,11478500,7,8.220389809,10.71016197,6.984248148,7.805865988,5.104957766,5.436939845,6.586850844,1.722222222
11478500_8,11478500,8,6.461523767,9.42945187,30.7149213,6.361078519,3.621050179,3.948896296,5.161382421,1.814814815
11478500_9,11478500,9,4.90710376,8.416333575,88.78339074,5.018556728,2.179047342,2.522428315,3.84235047,1.888888889
11482500_10,11482500,10,2.670347365,6.995099683,285.6107778,3.156202315,0.259917622,0.608879689,2.071063808,1.925925926
11482500_3,11482500,3,10.71900483,10.6509461,5.130324074,8.120647346,5.548066129,5.830902509,6.980260386,1.444444444
11482500_4,11482500,4,7.385637157,9.559114816,19.36226741,7.085236333,4.5322254,4.791877073,5.932419624,1.722222222
11482500_5,11482500,5,7.005059147,9.637244523,24.82405556,6.85302684,4.195724349,4.478133118,5.709134838,1.777777778
11482500_6,11482500,6,6.931090841,9.947398212,24.20773611,6.727547407,3.945469245,4.248529042,5.597771829,1.740740741
11482500_7,11482500,7,5.478941551,9.35650996,69.7902069,5.485674787,2.495603655,2.845383127,4.36705356,1.851851852
11482500_8,11482500,8,5.182069367,9.406569131,94.53362741,5.228160321,2.190808865,2.562410179,4.139222449,1.851851852
11482500_9,11482500,9,3.170987381,7.111979799,186.1889444,3.516997037,0.699318459,1.027097073,2.40730455,1.87037037
11523200_14,11523200,14,3.607014889,9.112853608,240.7243,3.87586179,0.431809618,0.667288232,2.476684029,1.851851852
11523200_15,11523200,15,1.307476572,7.06035321,467.7036364,1.788352366,-1.679673497,-1.427595042,0.465986075,1.722222222
11523200_16,11523200,16,0.11678619,5.86454646,631.517463,0.571889198,-2.890417921,-2.683685125,-0.744473456,1.333333333
11523200_17,11523200,17,-0.530956991,5.123739055,722.4979324,-0.024887253,-3.405579898,-3.277650538,-1.554028625,1.166666667
11523200_18,11523200,18,0.4743005,6.198365577,595.7324648,0.988981914,-2.418862843,-2.285982079,-0.44482614,1.462962963
11523200_19,11523200,19,-1.723486202,3.765933639,785.7866056,-1.370261481,-4.736612306,-4.66214098,-2.912613971,1
11528700_10,11528700,10,4.27814837,9.402551702,149.5668034,4.502860541,1.176496272,1.561015876,3.398977269,1.87037037
11528700_11,11528700,11,3.45627817,8.713391959,224.347546,3.751266805,0.400751017,0.754926163,2.586431176,1.888888889
11528700_12,11528700,12,2.694339232,8.048689884,351.5922821,3.058401662,-0.229995669,0.065813292,1.871866222,1.907407407
11528700_13,11528700,13,1.917529483,7.442069296,466.39881,2.302506691,-0.999145675,-0.717202282,1.103299983,1.851851852
11528700_14,11528700,14,1.650075451,7.082373504,727.8574667,2.018099877,-1.243230167,-0.944472521,0.846464601,1.925925926
11528700_15,11528700,15,0.986670727,6.34463709,830.0878944,1.294307346,-1.956428793,-1.636687037,0.148425201,1.796296296
11532500_10,11532500,10,2.850241294,6.311902826,359.1339781,3.323368654,0.754342652,0.979713931,2.112404683,1.907407407
11532500_11,11532500,11,1.530196475,5.873154044,780.5085565,2.030318765,-0.726654211,-0.470240233,0.896310966,1.87037037
11532500_12,11532500,12,0.94763634,4.801390437,707.2564741,1.502216065,-1.20876586,-0.98848523,0.302800782,1.759259259
11532500_4,11532500,4,8.11905932,9.279057069,26.47610309,7.530014774,5.429542314,5.610012843,6.275225311,1.703703704
11532500_5,11532500,5,7.078884872,8.749717265,42.46579074,6.84176356,4.710249383,4.89794769,5.588058328,1.814814815
11532500_6,11532500,6,6.58966196,8.752327604,57.38638056,6.63070037,4.467435245,4.662399014,5.400197137,1.87037037
11532500_7,11532500,7,5.477945296,7.962538113,91.36703774,5.552875118,3.224132863,3.455452728,4.336343947,1.851851852
11532500_8,11532500,8,5.193318274,8.102099055,124.147582,5.257417348,2.820008529,3.065726026,4.071729486,1.814814815
11532500_9,11532500,9,4.47206498,8.002826614,197.950704,4.667721202,2.057193696,2.366383766,3.540319077,1.907407407
12041200_10,12041200,10,1.51657049,4.957666945,763.5041694,1.879022562,-0.301007587,0.115525627,0.916652666,1.5
12041200_12,12041200,12,-1.186372023,2.101764328,1817.227325,-1.080586698,-3.225818489,-2.847341935,-2.016879732,1.037037037
12041200_13,12041200,13,-1.677146764,1.523995866,2333.269176,-1.629651749,-3.796508224,-3.407795858,-2.562729564,1
12041200_3,12041200,3,6.804039272,8.903291412,18.51613827,6.430868765,4.325226961,4.811707348,5.515919588,1.796296296
12041200_4,12041200,4,6.499247556,8.670762671,23.11239167,6.163406049,4.035937993,4.523141129,5.24436369,1.814814815
12041200_5,12041200,5,5.02994177,7.540910557,62.55556852,4.916478642,2.757799343,3.261360514,4.015782707,1.777777778
12041200_6,12041200,6,4.168404183,7.133267853,113.7732759,4.370532695,2.203651274,2.6728499,3.463304934,1.796296296
12041200_7,12041200,7,3.816682752,6.941458559,146.9476472,4.080522438,1.905551404,2.3507773,3.173526112,1.814814815
12041200_8,12041200,8,1.510923466,4.946051298,707.1176111,1.878990741,-0.284482796,0.133289665,0.915217583,1.481481481
12041200_9,12041200,9,1.518489445,4.938251759,684.6811241,1.892825247,-0.267993548,0.143977539,0.933685577,1.5
12060500_3,12060500,3,6.152845438,9.36965418,22.50171852,5.833858827,3.362537575,3.827868757,4.819385696,1.740740741
12060500_5,12060500,5,4.203749534,7.932818063,100.0288352,4.424130062,1.895478495,2.344327001,3.372184483,1.907407407
12060500_8,12060500,8,2.702445214,6.539563221,358.0135287,3.150863241,0.694770161,1.143455108,2.106064022,1.87037037
12083000_7,12083000,7,3.397494775,7.889498912,160.0022662,3.549677546,0.920933378,1.313787395,2.618284548,1.87037037
12083000_8,12083000,8,2.048758428,6.82149798,356.7203315,2.375019938,-0.283908184,0.096489845,1.408231447,1.888888889
12083000_9,12083000,9,1.982382845,6.781023612,383.1868296,2.308840494,-0.326863441,0.043619474,1.374586467,1.907407407
12332000_21,12332000,21,-4.132776111,2.311065735,229.6255685,-3.587383025,-8.061044803,-7.421350836,-5.530347952,1
12332000_22,12332000,22,-4.328617346,1.784527501,299.7591636,-4.152895165,-8.669031203,-8.044126961,-6.072638654,1
12332000_23,12332000,23,-6.080506628,-0.305657576,425.0010343,-6.204476358,-10.96953309,-10.34989898,-8.574347399,1
12332000_24,12332000,24,-6.637428691,-0.505966143,386.9036543,-6.421497881,-11.23177822,-10.60993445,-8.892449566,1
12358500_13,12358500,13,-3.308252154,3.976265351,319.0999861,-2.30121787,-6.570835544,-6.817127748,-4.620930045,1
12358500_14,12358500,14,-3.012623865,4.227488787,308.4216333,-2.049817716,-6.319854152,-6.576537395,-4.349666774,1
12358500_15,12358500,15,-4.099270808,2.853124914,521.2780067,-3.457744012,-7.684793238,-7.994037288,-5.739842052,1
12358500_16,12358500,16,-4.446113311,2.452945433,634.7842119,-3.828193191,-8.102971159,-8.425514779,-6.098398129,1
12358500_17,12358500,17,-4.543614081,2.310662108,656.9999038,-3.90852086,-8.168537208,-8.476809336,-6.076671442,1
12358500_18,12358500,18,-4.971205418,1.379146272,885.312919,-4.703371313,-8.997903061,-9.388212543,-6.945666384,1
12358500_19,12358500,19,-5.2681418,0.93704374,865.4206364,-5.053863253,-9.394356399,-9.890152355,-7.432106286,1
12358500_20,12358500,20,-5.534459509,0.668052725,884.1462117,-5.297651962,-9.624578621,-10.170041,-7.743571002,1
12358500_21,12358500,21,-5.17679971,0.761038951,820.6862894,-5.025031389,-9.377594997,-10.05319858,-7.619636427,1
12390700_12,12390700,12,-0.75185547,6.580926179,332.2794467,-0.143390778,-4.212540358,-4.05804859,-1.399088343,1.018518519
12390700_13,12390700,13,-1.527812391,5.519226102,458.2536432,-0.937272181,-4.983431681,-4.78740898,-2.316068559,1
12390700_14,12390700,14,-1.683405606,5.104039609,540.465475,-1.217062932,-5.266788471,-5.056505436,-2.663897447,1
12390700_15,12390700,15,-2.935479194,3.25906141,771.2379407,-2.82496071,-6.809013023,-6.535849253,-4.329608235,1
12411000_12,12411000,12,-2.468761609,4.069443316,613.3802093,-1.873057407,-5.932566308,-5.911792234,-3.710037851,1
12413000_10,12413000,10,-0.194886623,6.692897233,260.9442974,0.653179469,-3.361827766,-3.140532234,-0.96795059,1.166666667
12413000_11,12413000,11,-0.63458448,6.217513331,328.6332404,0.21592358,-3.814638351,-3.597210602,-1.419051496,1.074074074
12413000_12,12413000,12,-1.935026887,4.759657946,479.9491923,-1.144526973,-5.102108018,-5.015840935,-2.935339824,1
12413000_13,12413000,13,-2.451622583,4.212488889,565.6505802,-1.749655451,-5.798859415,-5.72386371,-3.512088497,1
12413000_14,12413000,14,-2.206955147,4.259245178,644.3531981,-1.726611667,-5.760919415,-5.538697053,-3.309942209,1
12413000_15,12413000,15,-2.458579077,3.951174795,711.6798556,-2.004167284,-5.971346595,-5.678099223,-3.574465702,1
12413000_16,12413000,16,-3.065831739,3.25345364,738.2478778,-2.802284691,-6.80076589,-6.521677479,-4.323300458,1
12414500_11,12414500,11,-0.492107282,6.509694149,295.7622213,0.298942716,-3.714652748,-3.406768698,-1.198919952,1.12962963
12414500_12,12414500,12,-1.420001546,5.475396045,457.7895428,-0.715515537,-4.747045173,-4.403146571,-2.280212727,1.018518519
12414500_13,12414500,13,-2.043877154,4.794393917,547.9195731,-1.382045403,-5.415140878,-5.080660661,-3.00491196,1
12414500_14,12414500,14,-2.343677806,4.39205851,593.2860689,-1.845940342,-5.910463349,-5.5647948,-3.431542914,1
12414500_15,12414500,15,-2.968313273,3.644396761,712.4142051,-2.634141526,-6.818762515,-6.49328418,-4.157725322,1
12414500_16,12414500,16,-3.254474532,3.255171386,831.3010133,-3.179280463,-7.462480633,-7.100560902,-4.601119472,1
12414500_17,12414500,17,-4.069571309,2.257662759,1054.173614,-4.346326003,-8.657054645,-8.289543862,-5.638875491,1
12414500_18,12414500,18,-3.997386339,2.218207383,1023.440374,-4.367705617,-8.675462843,-8.302125329,-5.681081687,1
12451000_14,12451000,14,-3.456506968,3.62485089,813.9203306,-3.19296429,-7.394847162,-7.062811798,-4.571443719,1
12451000_15,12451000,15,-4.557520122,2.333012869,1143.143023,-4.377077307,-8.577229167,-8.241028248,-5.741774254,1
12451000_16,12451000,16,-4.898102323,1.518677586,1477.327203,-4.89690633,-8.956524612,-8.639550016,-6.257177215,1
12451000_17,12451000,17,-6.250643045,0.255463455,1557.830662,-6.453801173,-10.76118588,-10.46800448,-7.879882708,1
12451000_18,12451000,18,-6.556301478,-0.025882121,1530.165817,-6.778673539,-11.21666278,-10.8314958,-8.174482245,1
12452800_11,12452800,11,-2.026031853,5.296283223,356.70845,-1.273295679,-5.978720311,-5.645211589,-2.683366124,1
12452800_12,12452800,12,-1.829644191,5.321314651,393.0843759,-1.229536111,-5.903423835,-5.552207348,-2.625268694,1
12452800_13,12452800,13,-4.590061994,2.419084238,744.6982556,-4.23467821,-9.000298507,-8.638156153,-5.678764828,1
12452800_14,12452800,14,-4.407675067,2.340114525,780.1615796,-4.229543313,-8.877807527,-8.49695908,-5.608604511,1
12452800_15,12452800,15,-4.005113796,2.359120753,821.2243191,-4.03591642,-8.461618777,-8.090971824,-5.327130052,1
12452800_16,12452800,16,-5.600907372,0.686458268,1016.895299,-5.843727994,-10.24574173,-9.769813202,-7.139620899,1
12452800_17,12452800,17,-5.580216661,0.794534655,1020.948716,-5.723347003,-10.06747825,-9.566972952,-6.997277196,1
12452800_18,12452800,18,-6.458214336,-0.142737002,1133.964178,-6.664546173,-11.06047969,-10.46347897,-7.910564984,1
13011500_23,13011500,23,-6.347553974,0.879001924,554.7404296,-5.237414815,-11.41608154,-11.48247921,-9.580253825,1
13011500_25,13011500,25,-7.131511196,0.132841393,598.8797843,-5.99948963,-12.20694304,-12.20914283,-10.32619856,1
13011500_26,13011500,26,-7.891288562,-0.891267325,666.5570191,-7.007125247,-13.08466479,-13.06150621,-11.2898945,1
13011500_27,13011500,27,-8.485369595,-1.295882235,651.5467949,-7.42857483,-13.34403648,-13.37655278,-11.61661848,1
13011500_28,13011500,28,-9.183125307,-2.88837636,807.6199722,-9.183919444,-14.9180555,-15.0939552,-13.18456779,1
13011900_23,13011900,23,-5.917653704,1.452521173,499.2452426,-4.623905494,-10.96783901,-11.01636446,-9.114400899,1
13011900_24,13011900,24,-6.933492453,0.382817519,546.7953667,-5.740921605,-12.06587885,-12.02990651,-10.15906709,1
13011900_25,13011900,25,-6.714159908,0.047355311,602.4573343,-6.040305154,-12.30349244,-12.28324773,-10.45221122,1
13011900_26,13011900,26,-7.595111251,-1.209276363,661.0367056,-7.291194198,-13.35212578,-13.30777727,-11.52223884,1
13011900_27,13011900,27,-8.269485571,-1.086577352,578.3623852,-7.178301605,-13.18982043,-13.1213672,-11.35610832,1
13011900_28,13011900,28,-8.100207753,-1.208852578,622.5253852,-7.271063549,-13.36357381,-13.29293162,-11.52799477,1
13011900_30,13011900,30,-9.318836679,-2.89613626,666.316606,-8.830316088,-14.43329896,-14.32648908,-12.77216358,1
13011900_31,13011900,31,-10.17655316,-4.149958084,672.4863981,-10.11359037,-15.85794922,-15.76210167,-14.1710334,1
13161500_20,13161500,20,-0.654077755,5.808845118,54.76729722,0.428413117,-4.295062814,-4.469560036,-2.553640287,1
13161500_21,13161500,21,-3.060119052,3.821137418,130.3702562,-1.655769402,-6.618705961,-6.892768635,-4.950363553,1
13161500_22,13161500,22,-4.485532128,2.203889396,256.1579068,-3.241439033,-8.140376981,-8.374858582,-6.422183843,1
13161500_23,13161500,23,-3.813314397,3.055832776,224.9716222,-2.466388765,-7.458779928,-7.696951673,-5.722922172,1
13185000_16,13185000,16,-1.356943869,6.124943278,277.4784204,-0.241581111,-5.236617523,-5.229801772,-2.593206313,1
13185000_17,13185000,17,-2.878890416,4.397541499,411.1216478,-1.842133327,-6.910903811,-6.663737198,-4.104467484,1.018518519
13185000_18,13185000,18,-3.377664194,3.860613898,484.6242131,-2.364589512,-7.491244656,-7.209735973,-4.637314868,1
13185000_19,13185000,19,-3.953245098,3.226951311,527.6476914,-2.946791397,-8.147591614,-7.865476822,-5.362032735,1
13185000_20,13185000,20,-4.799376542,2.381388026,565.1612987,-3.723157496,-9.040163449,-8.791868698,-6.394627481,1
13185000_21,13185000,21,-5.402158242,1.758871191,540.7370867,-4.272717706,-9.70477953,-9.397956402,-7.008125861,1
13185000_22,13185000,22,-5.914583293,1.243273982,528.7689679,-4.719846235,-10.31301349,-10.00985335,-7.655419563,1
13185000_23,13185000,23,-6.903438473,0.226449319,594.7064676,-5.693221111,-11.45433304,-11.22284497,-8.916976492,1
13185000_24,13185000,24,-6.75716773,0.324382369,603.8929403,-5.590547469,-11.33543547,-11.03774579,-8.729521585,1
13185000_25,13185000,25,-7.815259827,-1.411634179,724.7705432,-7.253004362,-13.035949,-12.62075996,-10.32061607,1
13310700_18,13310700,18,-2.938456549,3.901023953,405.6656673,-1.711454979,-6.704447093,-6.615878873,-4.495707055,1
13310700_19,13310700,19,-4.08979452,2.334488688,613.1757543,-3.287748519,-8.340672083,-8.331434966,-6.234838099,1
13310700_20,13310700,20,-4.337160835,2.444452246,606.7762893,-3.197075075,-8.319152416,-8.268507719,-6.175314818,1
13310700_21,13310700,21,-5.362445493,1.313863007,762.4083936,-4.337151509,-9.522046356,-9.520534575,-7.43689447,1.018518519
13340000_10,13340000,10,0.765144775,7.520415846,139.0941349,1.495195203,-2.537545115,-2.129755179,0.06639997,1.12962963
13340000_11,13340000,11,0.153396172,6.862261272,219.5901584,0.886854168,-3.184057,-2.806343998,-0.678958817,1.092592593
13340000_12,13340000,12,-0.475706018,6.154938643,263.8243121,0.24113768,-3.861053359,-3.472002635,-1.343359879,1.037037037
13340000_13,13340000,13,-1.412726136,5.247001802,352.7835299,-0.736454527,-4.886419105,-4.497202932,-2.358156063,1.018518519
13340000_14,13340000,14,-1.893282253,4.89882258,377.7241787,-1.198125083,-5.44729166,-5.009651203,-2.762748976,1
13340000_15,13340000,15,-2.658206877,3.9875984,447.3921644,-2.059495249,-6.456819384,-5.984418854,-3.736345479,1
13340000_16,13340000,16,-3.013897019,3.549098815,482.3710307,-2.610965491,-7.021781779,-6.49967021,-4.249369284,1
13340000_17,13340000,17,-3.561538805,2.852944853,573.6584711,-3.372041507,-7.810732093,-7.272870982,-5.020640799,1
13340000_18,13340000,18,-4.092992008,2.14324018,663.465271,-4.149012979,-8.616412287,-8.068955298,-5.774360687,1
13340000_19,13340000,19,-4.288183888,1.942546133,694.2449782,-4.411275185,-8.884971165,-8.321366139,-5.98430058,1
13340000_20,13340000,20,-4.699952118,1.661367126,697.6646938,-4.78214211,-9.443424413,-8.928026397,-6.447526693,1
13340000_21,13340000,21,-5.51416032,0.874859488,790.0855806,-5.64545026,-10.33414168,-9.807308909,-7.255710079,1
13340000_22,13340000,22,-5.336676146,1.080756351,684.3400148,-5.192431667,-9.71013865,-9.166337037,-6.728212334,1
13340000_7,13340000,7,3.457021553,9.666467246,35.18468333,3.431860309,-0.548494504,-0.105057646,2.283408931,1
13340000_8,13340000,8,2.132638858,8.894866387,59.40771277,2.562557654,-1.467339527,-1.0743639,1.392345153,1.074074074
13340000_9,13340000,9,1.323169386,8.180753852,86.42579532,2.003245601,-2.021507986,-1.62179258,0.716709047,1.111111111
13340600_12,13340600,12,-1.662550049,4.898361979,530.6347352,-0.937117634,-5.134118837,-4.744820828,-2.780595173,1.018518519
13340600_13,13340600,13,-1.824948875,4.732556555,553.3201873,-1.120785335,-5.3358227,-4.937984836,-2.958584604,1.018518519
13340600_14,13340600,14,-2.196283857,4.506372556,572.8523007,-1.524053951,-5.793390116,-5.342721188,-3.255115963,1
13340600_15,13340600,15,-3.02841728,3.574127796,691.7920115,-2.621435544,-6.902431909,-6.430003003,-4.232269693,1
13340600_16,13340600,16,-3.545616169,2.91268305,839.9767671,-3.413280488,-7.721642679,-7.227228315,-4.954759282,1
13340600_17,13340600,17,-3.667166088,2.924207633,862.6374187,-3.600255672,-7.967570131,-7.449267775,-5.016309058,1
13340600_18,13340600,18,-4.644584407,1.769620589,1040.500015,-4.780107222,-9.165534432,-8.616404277,-6.241192098,1
14222500_3,14222500,3,5.903726609,9.826808107,41.05146852,5.944589691,2.731978196,2.938213799,4.601140271,1.611111111
14222500_4,14222500,4,5.102523418,9.278824555,71.15552593,5.385274722,2.112209379,2.305115502,3.991546585,1.62962963
14222500_5,14222500,5,4.262092053,8.557955075,139.240879,4.615217695,1.287007288,1.454087495,3.139974725,1.703703704
14222500_6,14222500,6,4.124647579,8.470215779,156.2888361,4.51622179,1.180212605,1.345704928,3.030294223,1.740740741
14222500_7,14222500,7,1.386043333,6.389567244,653.7067602,2.254695802,-1.262864367,-1.16989089,0.580784106,1.888888889
14222500_8,14222500,8,1.379875923,6.394699406,630.7045907,2.256572531,-1.282384289,-1.176637634,0.587301152,1.87037037
14309500_7,14309500,7,5.945216818,9.528771947,69.94600833,5.792500432,2.983946774,3.405126493,4.557099242,1.62962963
14309500_8,14309500,8,5.310393292,8.732826007,130.0779253,5.320626008,2.574494743,3.016772899,4.105682696,1.777777778
14400000_10,14400000,10,2.94251745,7.658425377,719.9867926,3.307476759,0.422778465,0.910464785,2.354141919,1.944444444
14400000_4,14400000,4,8.401626687,9.872229236,21.76726111,7.828468519,5.673548925,5.998761051,6.587577958,1.722222222
14400000_5,14400000,5,8.802905919,9.91287182,19.60316852,7.904712778,5.765062246,6.101339845,6.650013848,1.666666667
14400000_6,14400000,6,6.985419491,9.547364908,48.63196435,6.924053333,4.600376553,4.980454555,5.751559337,1.907407407
14400000_7,14400000,7,5.889777429,8.845072567,107.2697921,5.876980324,3.439939068,3.862815069,4.703732898,1.833333333
14400000_8,14400000,8,4.859398664,8.373722634,236.925837,4.945166815,2.339499546,2.787375663,3.837017334,1.925925926
14400000_9,14400000,9,4.473351394,8.233394178,287.4992327,4.59899677,1.944583313,2.393560076,3.540712311,1.907407407
9217900_31,9217900,31,-8.451370884,-0.315214142,271.9962012,-6.581839177,-12.8763633,-13.99088726,-11.02895839,1.037037037
9217900_33,9217900,33,-10.031294,-2.200655152,438.9482361,-8.472174475,-14.88922915,-16.1239072,-13.05369182,1.12962963
9217900_34,9217900,34,-10.94753059,-3.374701336,449.9469,-9.678461636,-16.2039098,-17.54128853,-14.36396036,1.055555556
9223000_24,9223000,24,-7.163825452,0.693465,207.8568074,-5.105661173,-10.76960108,-11.79777413,-10.48995391,1
9223000_25,9223000,25,-7.44465425,0.268550147,298.9911401,-5.543946276,-11.26324204,-12.24262784,-10.85449462,1.018518519
9223000_26,9223000,26,-7.875763345,-0.399996401,398.8191123,-6.217044465,-11.97594504,-12.91331241,-11.47566654,1.018518519
9223000_27,9223000,27,-9.407243072,-2.091025799,543.6290185,-7.898891914,-13.82280203,-14.6345879,-13.16594228,1.018518519
9312600_25,9312600,25,-4.999793327,3.086853418,158.721887,-3.067102798,-9.130353624,-10.17741563,-7.328368693,1.018518519
9312600_26,9312600,26,-5.910160535,2.128693459,275.2551222,-4.088833642,-10.29487554,-11.45251959,-8.472434861,1
9312600_27,9312600,27,-6.775497766,1.178147489,372.5444111,-4.954952901,-11.07806016,-12.20816906,-9.335377623,1.037037037
Sierra Nevada_10,Sierra Nevada,10,7.136966616,11.92681869,52.59297849,7.116291467,3.672040534,3.876679643,5.269851563,1.87037037
Sierra Nevada_11,Sierra Nevada,11,6.141335684,11.11429313,64.04416707,6.210967246,2.731245847,2.892567518,4.409972587,1.796296296
Sierra Nevada_12,Sierra Nevada,12,5.625647104,10.68139202,83.60672447,5.842266507,2.352899364,2.534158963,3.995910002,1.851851852
Sierra Nevada_13,Sierra Nevada,13,5.016920522,10.19829238,101.6793211,5.332530642,1.801511345,1.960841733,3.420786368,1.907407407
Sierra Nevada_14,Sierra Nevada,14,3.942448167,9.336751261,103.0013882,4.306835155,0.656449678,0.812601034,2.443548511,1.777777778
Sierra Nevada_15,Sierra Nevada,15,3.589471159,9.258513631,107.0058827,4.159784438,0.38998993,0.493533391,2.16378702,1.796296296
Sierra Nevada_16,Sierra Nevada,16,3.073212126,8.800264648,142.4161882,3.709740872,-0.063243291,0.035197744,1.66230897,1.703703704
Sierra Nevada_17,Sierra Nevada,17,2.531132571,8.321385101,188.8372584,3.284038006,-0.561206315,-0.492830948,1.145938716,1.611111111
Sierra Nevada_18,Sierra Nevada,18,1.828892607,7.607333115,229.2283881,2.631114975,-1.169618549,-1.119325209,0.449166686,1.592592593
Sierra Nevada_19,Sierra Nevada,19,1.494718945,7.27641265,274.4806306,2.343719901,-1.491565316,-1.413828957,0.072400075,1.592592593
Sierra Nevada_2,Sierra Nevada,2,19.44304225,17.16924215,0.274221451,11.77047838,8.121016002,8.353123808,10.25005161,1.166666667
Sierra Nevada_20,Sierra Nevada,20,1.117651483,6.817315665,332.244619,2.141417317,-1.702637123,-1.709977185,-0.392744797,1.574074074
Sierra Nevada_21,Sierra Nevada,21,0.765567804,6.485816137,370.0959223,1.792043972,-2.055033193,-2.076973498,-0.840590815,1.574074074
Sierra Nevada_22,Sierra Nevada,22,0.227895533,5.945832547,441.2733005,1.301495986,-2.603028802,-2.664709218,-1.459722199,1.425925926
Sierra Nevada_23,Sierra Nevada,23,0.068332227,5.95306199,350.3115016,1.142495145,-2.819240852,-2.880516633,-1.580947852,1.222222222
Sierra Nevada_24,Sierra Nevada,24,-0.459594102,5.243756581,420.2535567,0.645155691,-3.218451666,-3.317185021,-2.162177279,1.185185185
Sierra Nevada_25,Sierra Nevada,25,-0.946640867,4.677661738,511.7451529,0.137860952,-3.704143383,-3.807616091,-2.706674002,1.111111111
Sierra Nevada_26,Sierra Nevada,26,-1.464200401,4.186605754,550.2064776,-0.406392128,-4.245974619,-4.311211732,-3.201961959,1.037037037
Sierra Nevada_27,Sierra Nevada,27,-2.459736007,3.248632919,628.7912712,-1.398441392,-5.29506351,-5.359442477,-4.186463147,1.037037037
Sierra Nevada_28,Sierra Nevada,28,-3.215287267,2.385429137,728.7383874,-2.182374016,-6.032876309,-6.13703834,-5.035799544,1.037037037
Sierra Nevada_29,Sierra Nevada,29,-3.759289337,1.94529666,718.5806662,-2.734493786,-6.648438362,-6.687759468,-5.518566582,1.037037037
Sierra Nevada_3,Sierra Nevada,3,15.87552985,16.68324486,0.56812754,11.45366978,7.791750809,7.993287489,9.828425202,1.314814815
Sierra Nevada_30,Sierra Nevada,30,-4.319845408,1.33845759,766.4800823,-3.254622,-7.136205508,-7.230783352,-6.14554799,1.018518519
Sierra Nevada_31,Sierra Nevada,31,-4.882126479,0.866533891,719.433248,-3.894089004,-7.838324716,-7.835362912,-6.647823047,1.018518519
Sierra Nevada_32,Sierra Nevada,32,-5.276533787,0.42790265,633.6431657,-4.344024273,-8.154615093,-8.064482035,-7.050784588,1.018518519
Sierra Nevada_33,Sierra Nevada,33,-5.683801622,0.071185802,637.8667955,-4.817673796,-8.637167095,-8.513905595,-7.476042821,1.018518519
Sierra Nevada_34,Sierra Nevada,34,-6.304949373,-0.577478308,663.8543471,-5.456232328,-9.254820204,-9.132238424,-8.123707666,1.018518519
Sierra Nevada_35,Sierra Nevada,35,-6.890032673,-1.19449175,736.6451602,-6.066733472,-9.876074866,-9.744050254,-8.702257705,1.018518519
Sierra Nevada_4,Sierra Nevada,4,12.99777168,15.97019575,1.4727846,10.95801915,7.324809306,7.518589882,9.251740362,1.5
Sierra Nevada_5,Sierra Nevada,5,11.54676751,15.4772728,2.506413374,10.53577219,6.968544217,7.170076558,8.801496148,1.574074074
Sierra Nevada_6,Sierra Nevada,6,10.88114692,14.87005655,4.343711289,10.00379631,6.498018754,6.698389439,8.199060348,1.592592593
Sierra Nevada_7,Sierra Nevada,7,9.787315594,14.15986934,10.55182757,9.295114815,5.823766312,6.017436481,7.465248112,1.722222222
Sierra Nevada_8,Sierra Nevada,8,9.121455057,13.55746805,16.80716659,8.767266036,5.307376195,5.486802409,6.889975412,1.740740741
Sierra Nevada_9,Sierra Nevada,9,8.204819566,12.86278988,27.05631749,8.083918416,4.644192643,4.834051082,6.216319561,1.833333333
Upper Colorado Region_12,Upper Colorado Region,12,10.64482627,15.8603825,2.075257407,9.601162963,4.606356004,4.288556243,6.663860313,1
Upper Colorado Region_13,Upper Colorado Region,13,9.198874654,15.08225942,5.439172469,8.387551346,3.062704399,2.608201227,5.521657039,1
Upper Colorado Region_14,Upper Colorado Region,14,7.128153912,13.73496304,7.662244899,6.698346211,1.040708385,0.308178392,3.853848084,1
Upper Colorado Region_15,Upper Colorado Region,15,5.890408169,12.60794236,9.46774819,5.497833027,-0.278633539,-1.019469929,2.67045018,1
Upper Colorado Region_16,Upper Colorado Region,16,4.728362625,11.70488734,11.16828645,4.751461375,-1.119492574,-1.931918058,1.666263025,1
Upper Colorado Region_17,Upper Colorado Region,17,4.33837128,11.19345076,12.90375282,4.389929013,-1.394435798,-2.15106584,1.269027069,1.018518519
Upper Colorado Region_18,Upper Colorado Region,18,3.3536672,10.47623231,16.20171776,3.778120633,-1.985684355,-2.739338686,0.611775631,1
Upper Colorado Region_19,Upper Colorado Region,19,2.177903593,9.65659343,21.441237,3.037135236,-2.750648473,-3.534382,-0.237794805,1
Upper Colorado Region_20,Upper Colorado Region,20,0.088933104,7.964599815,26.36898495,1.388331307,-4.439403062,-5.234125813,-2.24755104,1
Upper Colorado Region_21,Upper Colorado Region,21,-1.196340439,6.613726183,27.29372437,-0.000274267,-5.659108569,-6.298615764,-3.733444073,1
Upper Colorado Region_22,Upper Colorado Region,22,-2.631064343,5.527561189,38.44917231,-1.061245139,-6.819264214,-7.476130383,-4.917297982,1
Upper Colorado Region_23,Upper Colorado Region,23,-3.252731674,5.018179853,64.81989206,-1.522426657,-7.428328087,-8.196650472,-5.384102824,1
Upper Colorado Region_24,Upper Colorado Region,24,-3.757628057,4.482095391,105.0331625,-1.965883661,-7.897521175,-8.694248599,-5.799787809,1.018518519
Upper Colorado Region_25,Upper Colorado Region,25,-4.273412825,3.806452481,137.3850511,-2.470014127,-8.418984685,-9.24964621,-6.437695516,1.018518519
Upper Colorado Region_26,Upper Colorado Region,26,-5.04998606,2.994950483,168.3389334,-3.139622602,-9.171948279,-10.11582016,-7.379294211,1.018518519
Upper Colorado Region_27,Upper Colorado Region,27,-5.915692858,2.042555585,212.134541,-3.965401413,-10.01057522,-10.92048894,-8.397318141,1.018518519
Upper Colorado Region_28,Upper Colorado Region,28,-6.583590351,1.239160542,250.400224,-4.749693822,-10.80198687,-11.70564968,-9.184370747,1.037037037
Upper Colorado Region_29,Upper Colorado Region,29,-6.721260291,1.112510898,253.9955348,-4.888751001,-10.9433168,-11.92050863,-9.306767284,1.018518519
Upper Colorado Region_30,Upper Colorado Region,30,-7.062542792,0.510947832,273.7078965,-5.324834,-11.35936623,-12.34273275,-9.874215342,1.055555556
Upper Colorado Region_31,Upper Colorado Region,31,-7.504837247,-0.095049898,324.1916434,-5.902830965,-11.86467022,-12.83651151,-10.40089114,1.018518519
Upper Colorado Region_32,Upper Colorado Region,32,-8.321454959,-0.993441969,373.606574,-6.884926889,-12.93009089,-13.86172509,-11.42443587,1.018518519
Upper Colorado Region_33,Upper Colorado Region,33,-8.456118305,-1.319609202,395.7954811,-7.094285994,-12.92634046,-13.82870406,-11.52036163,1.018518519
Upper Colorado Region_34,Upper Colorado Region,34,-9.022193022,-1.981877029,432.352913,-7.696589201,-13.58119446,-14.48816542,-12.26515336,1
Upper Colorado Region_35,Upper Colorado Region,35,-9.330034121,-2.469364299,461.6545439,-8.149575238,-13.98710564,-14.8608625,-12.642037,1
Upper Colorado Region_36,Upper Colorado Region,36,-9.335966428,-2.524777199,431.5572477,-8.216945472,-13.97367937,-14.73696705,-12.55357056,1
Upper Colorado Region_37,Upper Colorado Region,37,-8.947661564,-2.325954861,510.741335,-7.870048457,-13.47153555,-14.31743163,-12.16238881,1
