LatGauge,LonGauge,GAGEID,FittedSlope,FittedIntercept,Slope,Nov1SM,MeanWinterSM,TheilSenSlope,SpringRunoffVIC,SpringRunoffRatioVIC,AvgWinterTemp,AvgAnnualTemp,PeakSWE,WinterPrecip,SpringPrecip,PeakSWE_PrecipRatio,Apr1SWE,MeanOctSM,MeanNovSM,MeanDOWYPeakSWE,NovTemp,DecTemp,JanTemp,FebTemp,NovSWE,DecSWE,JanSWE,JanSM,TheilSenSlopeSpring,SlopeSpring,VolSMChangeWint,VolSMChangeSp,SM_DOWYPeakSWE,VolSMChangeSpringPSWE,July31SM,SpringRunoffPSWE_VIC,SpringPrecipPSWE,WinterPrecipPSWE,SpringEvapPSWE,SpringBaseflowPSWE,OctPrecip,NovPrecip,DecPrecip,JanPrecip,FebPrecip,MarPrecip,AprPrecip,MayPrecip,JunPrecip,JulPrecip,Dec1SM,Jan1SM,Feb1SM,Mar1SM,Apr1SM,FirstDayBelow0Temp,NumbDaysBelow0Temp,MaxConsDaysBelow0Temp,FirstDayAbove0Temp,SM_0TempDay,SM_PosTempDay,k,CorrNov1SM_RR,PValue_CorrNov1SMRR,CorrNov1SM_SR,PValue_CorrNov1SMSR,CorrOctSM_RR,PValue_CorrOctSMRR,CorrOctSM_SR,PValue_CorrOctSMSR,CorrNovSM_RR,PValue_CorrNovSMRR,CorrNovSM_SR,PValue_CorrNovSMSR,R2_Nov1SM_SR,R2_Nov1SM_RR,R2_OctSM_SR,R2_OctSM_RR,R2_NovSM_SR,R2_NovSM_RR,AvgElevation,DrainageArea,SpringRunoffApr1,SpringRunoffPSWE_USGS,SpringRunoffRatio,SpringRunoff7Days,SpringRunoff14Days,SpringRunoff21Days,SpringRunoff28Days,SpringRunoff35Days,SpringRunoff42Days,SpringRunoff49Days,SpringRunoff56Days,SpringRunoff63Days,SpringRunoff70Days,SpringRunoff77Days,SpringRunoff84Days,SpringRunoff91Days,MonthMaxRunoff,WYMonthMaxRunoff,CorrNovSM_SR90Days,PValue_CorrNovSMSR90Days,CorrJanSM_SR90Days,PValue_CorrJanSMSR90Days,CorrJanSM_SR,PValue_CorrJanSMSR,CorrJanSM_RR,PValue_CorrJanSMRR,MissingYears,Cluster,K
40.95911,-110.58,9217900,0.060291176,435.0687385,0.149826704,436.8483368,441.0158305,-0.029806684,122.3848926,0.143730328,-9.690037006,-1.833073968,377.0315023,463.8635391,330.0777984,0.756745767,319.4252745,426.8759932,440.2336147,183.9074074,-8.110126523,-14.51042512,-15.72787418,-12.66995146,57.77896582,120.3489654,206.195381,436.6017936,-0.278324216,0.061206828,27.0496537,9.824376337,463.8979905,127.0454673,473.7223669,123.7779733,289.8479424,510.135,259.8258111,267.5280204,76.70288066,68.80088477,71.26440329,99.31244856,65.27576132,79.30602881,101.7256584,111.6942387,63.26106996,53.39683128,440.9988492,438.0504733,435.1341611,434.0303481,481.6755776,16.18518519,199.1851852,169.5185185,205,351.3459222,497.7713333,89.22071421,0.113588661,0.452272564,0.175639016,0.242983716,0.104804849,0.488201917,0.159527632,0.289602958,0.1243474,0.410304526,0.17716072,0.23886057,0.030849064,0.012902384,0.025449065,0.010984056,0.031385921,0.015462276,3184.107,326.817,339.4510296,337.5199048,0.418958116,3.537611163,11.15056666,21.65673883,35.58552844,55.60205254,80.29813437,107.190375,133.6718214,162.6292783,195.551903,225.4340781,249.961624,274.3499926,6,9,0.189498265,0.207188363,0.184404346,0.21988822,0.174099052,0.24720524,0.136652142,0.365162674,8,1,89.22071421
42.11049,-110.71,9223000,0.031769461,414.3215727,0.126094112,407.597066,417.150333,-0.025219528,77.22195021,0.112862819,-8.010100595,-0.431436151,372.3134438,456.9265844,189.9522222,0.775275964,347.3222185,397.7497102,414.9835339,185.1296296,-6.242935247,-12.01475182,-12.94830785,-11.53470244,42.70558843,123.7899829,207.2061473,416.4530367,0.779345033,0.471262754,20.68328169,53.03589239,428.2803477,196.1918786,481.3162401,78.02476029,174.4678189,476.0792181,287.2699498,127.6799576,53.3432716,87.75067901,90.53211934,76.79701646,73.52812757,73.45265432,52.48345679,68.98561728,38.07606996,30.40707819,418.223335,417.4106128,415.4394436,414.1658957,435.3553718,23.64814815,186.5740741,157.8148148,203,430.9217111,470.1217222,36.53110548,0.168068254,0.224438779,0.105248143,0.448796448,0.161875359,0.242228686,0.085964486,0.536527896,0.175842819,0.203416688,0.124282929,0.37057449,0.011077172,0.028246938,0.007389893,0.026203632,0.015446246,0.030920697,2583.729,333.153,224.1740543,222.3357788,0.329853258,4.356168377,12.1742675,23.94513882,37.96848132,54.40083974,72.64184706,94.62544507,117.4726028,138.9641272,159.0158506,177.1731117,191.9847674,202.7430956,5,8,0.128939259,0.352773847,0.135067473,0.330162488,0.131665589,0.342599557,0.181369877,0.189344311,0,1,36.53110548
39.87579,-111.037,9312600,-0.023019465,347.6475194,0.04037836,341.7302503,351.3952804,-0.059926863,38.9789284,0.073705033,-5.659479257,2.44934911,231.2105543,334.495463,151.0245679,0.665375613,170.6701892,332.6697782,346.7190307,165.8888889,-3.72232143,-9.84314535,-10.94090919,-8.044225571,20.62442123,69.32632971,130.2695757,345.6975566,-0.751628692,-0.032174227,5.929061728,-5.645877469,347.659312,150.0913935,342.0134346,47.00541173,173.5779321,315.7062037,297.564263,61.74234167,44.33265432,52.02333333,65.31348765,58.10299383,51.16632716,61.59277778,51.29018519,47.66679012,25.90169753,26.16589506,348.9509438,347.0348207,344.3084389,344.1387546,408.0377065,34.75925926,151.6296296,120,188,318.1811667,423.9674333,13.43495331,0.335828634,0.015984541,0.380641078,0.005860318,0.283937699,0.043464414,0.30743747,0.028194779,0.369100111,0.007689884,0.410058095,0.002804091,0.14488763,0.112780871,0.094517798,0.080620617,0.168147641,0.136234892,2511.073,195.2946,96.25053417,100.024479,0.188118196,1.414900167,4.01838319,7.633375603,12.96537832,20.73171255,29.72279304,39.38687848,50.68856308,61.49725655,70.86346917,78.34060174,84.11507442,88.51061382,5,8,0.377072282,0.006380474,0.374207066,0.006826769,0.402219117,0.00343481,0.359669176,0.009534789,3,1,13.43495331
42.79083,-118.8675,10396000,0.254841876,251.6358201,0.316637241,245.4449988,275.5371082,0.175833231,60.43483963,0.101056996,-0.934409133,5.610805627,148.5580598,382.3407407,189.8981728,0.373862558,90.8431184,237.3145861,255.0244512,153.2777778,-0.21352149,-4.457502573,-4.06455002,-1.798267965,12.32209321,48.20179657,87.79893258,269.8702564,-0.208898063,-0.116255222,38.29832407,-17.60441469,283.7433228,109.5392237,266.1389081,82.97038198,241.7636543,335.0304691,241.4707036,77.9261479,43.4865679,69.15798765,69.43335802,62.38090123,61.94233333,72.59446914,66.8154321,72.48909877,36.82751852,13.76612346,262.5475189,267.880069,272.2351726,285.0487264,337.5614884,48.31481481,103,43.48148148,121,262.5966133,249.7045667,74.79528086,-0.005807415,0.966755887,0.205563636,0.135906609,-0.004212826,0.975880781,0.166100224,0.22999103,0.006449173,0.963084613,0.205147418,0.136718273,0.042256408,3.37E-05,0.027589284,1.77E-05,0.042085463,4.16E-05,1890.458,528.894,136.1797295,156.9598663,0.269768766,6.671100996,12.38029315,17.88546687,24.03047686,30.58675324,37.71420583,45.79676551,55.21854305,65.32435114,76.08267381,86.97483004,98.14543852,108.7171326,5,8,0.29142795,0.032509506,0.177441053,0.19927362,0.225969353,0.100382359,-0.010735367,0.938587913,0,1,74.79528086
40.0546,-122.02415,11381500,1.852962888,273.5960935,1.862400461,246.9232214,410.9321304,1.666244873,107.430866,0.091543419,3.762055885,9.065465162,274.3371316,946.4353939,175.0678434,0.28048338,240.081285,222.8912231,285.9729565,172.0925926,4.454201723,1.208821853,1.243533024,2.318213419,18.20585177,69.22065353,138.1077432,432.7145218,-2.329628046,-2.031348546,257.8226635,-263.3345721,504.7458848,-83.66977492,241.4113128,111.7970133,174.7490657,947.1834613,370.9538544,207.3393537,69.25793434,149.3838603,192.531064,202.6754545,166.2888013,161.9942222,86.97973064,54.57366162,27.71111448,5.8033367,327.5031689,405.4869995,452.7143487,483.42258,509.5308946,82.93617021,33.42592593,11.25925926,158,429.4590364,444.5755545,185.5406849,-0.004415201,0.974722517,0.227825567,0.097546913,0.05699287,0.682287461,0.108852491,0.43332489,-0.151396487,0.274475285,0.278261608,0.041611694,0.051904489,1.95E-05,0.011848865,0.003248187,0.077429523,0.022920896,1204.709,337.6305,300.2530043,320.1914278,0.290052347,24.13367684,46.64255352,70.67504938,92.86481681,113.7415128,135.8545222,156.4427048,176.6818532,196.0566691,214.7260362,232.7543668,248.9659754,263.8749661,1,4,0.346684341,0.010223485,0.530212607,3.73E-05,0.521420666,5.28E-05,-0.272041566,0.046588875,0,2,185.5406849
40.01405,-121.94832,11383500,2.445057483,246.8433197,2.349325325,233.6342382,412.4549144,2.249409864,40.61687897,0.034124423,4.148646043,9.40961038,158.8991585,881.218754,150.2112302,0.176251198,109.4711101,208.6707406,275.6532289,149.462963,4.774400247,1.397357369,1.44659741,2.58505939,4.84392429,33.49945199,81.01448914,435.8679653,-2.293057888,-1.918031306,262.804707,-288.6957233,496.4389452,-47.1775627,207.743222,63.11795053,259.1757143,778.4327368,423.6485175,217.990166,63.97635847,138.5064259,184.1820093,191.1289378,152.6557884,146.8573968,77.8964246,44.04404233,23.63644048,4.634322751,321.8688333,407.2719299,457.2989467,491.0734803,518.921604,84.22222222,29.90740741,10.14814815,158,448.873,463.6681643,141.2608662,-0.026721684,0.847896538,0.128170673,0.355675293,-0.055370304,0.690872263,0.035972581,0.796220432,0.085583394,0.538342196,0.279568284,0.040623754,0.016427721,0.000714048,0.001294027,0.003065871,0.078158425,0.007324517,1278.94,539.7753,166.807684,251.8756464,0.235595878,27.02612315,44.20251247,65.67113151,81.67533318,97.61876407,116.2700198,131.3458723,145.5243907,157.6775719,169.4450853,180.3930242,190.334762,199.0226744,3,6,0.31868868,0.018840172,0.536537705,2.89E-05,0.534900864,3.09E-05,0.185612233,0.179025717,0,2,141.2608662
39.70627,-123.32529,11473900,2.333765386,293.5481528,2.343682224,264.209627,456.0679351,2.141983105,96.04623892,0.066916849,3.995032118,8.90069665,257.9908082,1175.043028,152.351333,0.2165511,212.1470949,238.3704424,311.2802659,161.1851852,4.307335545,1.189930027,1.571175289,3.200263222,8.2393962,59.87932517,144.8466882,485.3346498,-2.550710428,-2.233842512,292.0749947,-313.7565321,556.2846217,-117.1653708,242.5280896,117.2811004,221.1398789,1114.277876,406.271013,266.4222053,67.21580912,164.5637628,272.0326823,263.2142778,212.3724854,191.9513202,91.09639922,41.00835399,18.17449288,2.072086895,362.8621608,458.8203204,504.4073551,534.5616798,548.7522788,78.37837838,23.31481481,8.685185185,,,,21.1521032,0.116461955,0.40627319,0.288503535,0.036168382,0.123280182,0.379155317,0.209253489,0.132641628,0.023699394,0.866234262,0.267233639,0.053058921,0.083234289,0.013563387,0.043787023,0.015198003,0.071413818,0.000561661,1122.188,1925.013,153.0886659,231.3256215,0.171928383,36.77057297,64.95806828,94.52023056,114.6893588,131.0263735,146.151547,161.5573373,176.5271237,188.5721223,197.9187882,205.361505,211.0121404,215.2277722,3,6,0.313501672,0.022262225,0.386017094,0.004306453,0.358292228,0.008431143,-0.055567279,0.692698814,1,2,21.1521032
40.48042,-123.89088,11478500,3.019034988,296.003626,2.96249563,272.12983,491.369064,2.800171076,30.31634074,0.021286906,4.447710329,8.433922385,130.284714,1179.228472,156.332588,0.110894822,62.86237731,243.1810193,328.0823622,131.2407407,4.738599603,1.823756011,2.170669269,3.579635927,3.162259846,31.31966187,77.27120545,529.590993,-2.323124959,-1.93230443,284.5240699,-324.7094837,556.6538999,-41.02936227,231.9444162,109.3777466,476.8878264,870.7345891,471.6500407,347.1690176,76.45403125,184.441625,271.4371898,241.0532326,204.6256227,198.0946597,89.19165625,44.49224306,18.17428472,4.474403935,392.1615388,501.9264409,546.9815831,574.9658362,575.0157968,85.5,15.72222222,6.716981132,,,,34.76523469,0.001260853,0.99278041,0.106277041,0.444349172,0.025182023,0.856565399,-0.019727844,0.887403036,-0.068134148,0.624462381,0.115746471,0.404583201,0.011294809,1.59E-06,0.000389188,0.000634134,0.013397246,0.004642262,923.0496,572.3766,197.0728355,597.926373,0.438558861,79.17830331,131.5580397,191.3763312,244.2073792,283.6197464,311.6211775,344.8685804,377.7718893,411.0928365,441.6822386,473.6704572,497.1696963,517.8118311,1,4,0.165704109,0.231119923,0.320359632,0.018192162,0.28298821,0.038129087,-0.069944105,0.615265395,0,2,34.76523469
41.29929,-124.05118,11482500,3.458862523,360.0263486,3.4067472,333.5825978,565.6455378,3.28405832,36.03670306,0.022224145,5.478649961,9.201524386,78.81645192,1354.186189,208.5799117,0.05824108,38.04672607,297.1663319,399.1419797,126.8888889,5.749398136,2.915451907,3.238883724,4.630538139,1.813151807,17.27767664,44.41097935,614.2684907,-2.224658086,-2.036825972,304.2593199,-347.7107474,637.8419177,-59.14878269,290.1311704,139.8466295,605.6258369,968.1531111,498.8066541,390.856954,97.61037892,221.7965442,302.7196567,284.2233839,225.5683063,218.0322194,116.9631147,58.28576353,26.06166952,7.26936396,475.9723907,587.6941579,626.2150303,641.6457526,630.3863058,96.07692308,6.055555556,3.891304348,,,,29.43066372,0.024921658,0.85803304,0.185219475,0.179963594,0.090198672,0.516572986,0.099024742,0.476212625,-0.058540406,0.674136642,0.17877227,0.19586871,0.034306254,0.000621089,0.009805899,0.0081358,0.031959524,0.003426979,558.2799,718.0398,219.1408929,604.9704051,0.38169212,70.98300447,115.8743514,159.0697998,209.3576161,252.2833236,287.0777804,322.3242513,355.0469807,387.9005202,418.0368702,450.6845437,472.9453441,494.817387,1,4,0.248139108,0.070421889,0.473323818,0.000300675,0.413579783,0.001880188,0.044968686,0.746784436,0,2,29.43066372
41.11126,-122.70558,11523200,1.523731297,308.1044742,1.660540772,291.1633216,427.7408532,1.331367418,168.7417265,0.125910409,0.548892676,6.263359669,552.5626576,1047.789179,165.4629403,0.51542796,469.8169204,266.6748393,327.4037867,164.6666667,1.042417112,-2.384918193,-2.200289573,-0.370592063,27.49342433,145.7648959,306.1396127,425.3139204,-1.013299108,-1.093375401,220.7899302,-151.161373,511.9532519,138.0748588,360.7918788,190.6134021,203.8972593,1012.162354,428.220963,287.455787,65.75958025,164.4017675,223.8307984,230.126749,187.4585926,170.7961564,87.5387716,48.32664815,20.98392593,8.61359465,358.9536206,407.6821918,445.6385817,492.9168704,573.4467397,53.42592593,88.88888889,40.64814815,103,348.3856333,374.3685111,62.0316954,0.11799797,0.39544207,0.276485492,0.042986144,0.15491793,0.263335954,0.158173387,0.253311125,0.001824022,0.989555879,0.258739676,0.05887028,0.076444227,0.013923521,0.02501882,0.023999565,0.06694622,3.33E-06,1629.668,382.9356,495.9459703,577.5397583,0.468356831,36.351407,79.78248834,121.1222161,163.4032659,205.5767665,246.6118306,287.8879044,335.3590037,378.4338356,417.3574797,453.3318491,483.1104239,509.6497314,5,8,0.274717252,0.044391282,0.178731589,0.195972144,0.185207894,0.179991303,-0.258290317,0.059326807,0,1,62.0316954
40.64986,-123.49421,11528700,2.537480228,233.8586636,2.548197167,213.0472641,412.7095134,2.285312449,82.77914358,0.059345636,3.214473739,8.530535036,284.2843095,1127.368361,148.2742472,0.247893497,185.2709222,185.6611524,260.9698045,144.9074074,3.558485639,0.242355802,0.578405575,2.398933619,8.906281932,72.95108498,172.0334741,431.7434237,-2.672505545,-2.014595562,277.2826687,-313.822164,490.3299328,-41.16500348,176.5077688,145.7658408,349.1154472,935.6394847,459.5491356,337.7686916,69.8926371,167.5467791,257.8746092,230.2270906,200.8124191,198.2222443,83.46149388,42.72467414,17.96489161,4.123187564,311.8509953,404.1382989,454.8362445,502.3539147,532.2031203,72.0625,36.7962963,15.94444444,,,,31.58505924,0.088937429,0.526543007,0.177396037,0.203809001,0.079715563,0.570439761,0.044062221,0.754067201,-0.047606916,0.734977962,0.111583142,0.42634841,0.031469354,0.007909866,0.001941479,0.006354571,0.012450798,0.002266418,1121.617,1980.083,134.8615607,282.0979037,0.213610082,42.68881595,71.61924272,101.6111006,125.1588134,144.0381316,161.5031252,178.5127169,195.0223783,208.5506186,220.9586083,231.1032499,239.7132237,247.4405327,3,6,0.131257883,0.348836918,0.35363157,0.009387386,0.341091801,0.012439423,0.071613403,0.610348044,1,2,31.58505924
41.7915,-124.07619,11532500,3.161771845,499.1881341,3.344917073,429.1430463,702.3464145,2.916765008,129.7841426,0.05707891,4.341517362,7.560700062,203.7020943,1900.937372,306.348449,0.104223482,145.0702651,375.4628419,515.6102762,145.1481481,4.859512264,2.435776527,2.664697148,3.655257118,8.457349308,57.87838372,128.0256685,754.8672856,-2.100925153,-2.095412071,352.5614785,-322.9721883,781.7045248,-66.44374453,458.7323365,250.1288357,625.2831143,1594.932221,409.8937363,486.2430712,152.534135,323.0923627,438.51422,396.3110863,283.4013844,300.7741933,171.5927444,82.26219512,42.59895122,9.894558266,611.1380436,731.3768405,765.5898992,779.6029646,783.2409512,85.04761905,12.83333333,6.777777778,86,607.1669841,627.4270341,70.18079077,-0.235704147,0.086198015,-0.11619082,0.402769483,-0.183665395,0.183709383,-0.150781976,0.276450704,-0.410146078,0.002068773,-0.161448481,0.243489444,0.013500307,0.055556445,0.022735204,0.033732977,0.026065612,0.168219805,772.0036,1577.962,405.3144088,780.8586935,0.359948906,91.09161642,155.686375,224.6244901,286.3548787,340.8083435,391.6506807,439.8541855,483.5038417,518.2004179,554.3307584,592.824807,622.1206562,650.1235478,12,3,-0.049499008,0.722253387,0.118537464,0.39326985,0.111357407,0.422751468,-0.323084698,0.017176007,0,2,70.18079077
47.80675,-124.25103,12041200,0.399079046,1062.671008,0.844150252,971.9672681,1093.373977,0.254803955,448.6999361,0.131928366,2.720354204,5.856718789,647.0524571,2845.088439,573.9757231,0.221059901,618.2551292,897.2068643,1034.711117,188.0185185,3.009750053,0.856645668,1.300689364,2.084060901,56.72890692,206.1677212,391.0233308,1120.024765,-1.306939653,-1.610835737,126.0570621,-188.6194253,1098.02433,-84.0038418,909.4049049,438.5223041,489.8613139,2934.682187,230.5393773,507.7908052,342.8570899,455.2682187,663.387478,593.1327337,379.9959259,401.3627866,250.1145855,133.7438095,125.6310229,64.48630511,1084.541201,1113.427648,1118.413369,1097.536784,1091.305053,74.19565217,32.38888889,11.44444444,96,1119.212333,1104.242071,64.19088825,-0.175405466,0.204560962,-0.031946213,0.818619252,-0.073989753,0.594920671,-0.059539696,0.668893001,-0.207838484,0.131534148,0.067174494,0.629361958,0.001020561,0.030767078,0.003544975,0.005474484,0.004512413,0.043196835,743.1267,655.7967,907.4157671,864.1807591,0.258965816,68.25776973,121.7639592,178.0903038,233.7263943,285.6448821,338.5557439,390.8540753,447.6967804,501.6784306,557.3154193,610.471473,662.3135499,710.8037738,12,3,0.230639411,0.093367625,-0.123593118,0.373256829,-0.28763169,0.034945573,-0.684878933,1.12E-08,0,2,64.19088825
47.34037,-123.28016,12060500,3.30917418,926.9469058,3.47563708,839.1500213,1126.951548,3.132855868,143.9732972,0.050254009,3.712867248,7.595399671,199.0486028,2438.696481,418.5343056,0.08156037,148.9831384,755.9188079,946.9641795,136.2222222,4.139928843,1.661889098,2.114776493,3.100924556,5.861903009,53.93300748,128.3269988,1188.242484,-2.28368278,-2.087395297,330.4873778,-338.7017991,1169.637399,-49.69976898,830.9356,359.7537463,992.3509259,1884.538472,407.2048361,751.7207398,283.495,445.4286574,532.9361111,512.6429167,319.2043519,337.819213,200.5624537,104.2889815,74.91592593,38.76694444,1049.437395,1155.143783,1204.630705,1190.755881,1181.551627,90,20.2037037,8.509433962,149,1207.5816,1170.8997,60.96991687,-0.021975122,0.898772058,0.009181996,0.95761341,0.011856664,0.945282831,-0.056004234,0.745619148,-0.061244559,0.722715325,0.076167172,0.658838786,8.43E-05,0.000482906,0.003136474,0.00014058,0.005801438,0.003750896,601.9326,198.2718,707.5261232,1376.765435,0.481374988,162.1255567,268.3128433,358.0596339,443.7699955,524.1732894,602.6457744,675.3947292,738.0844889,796.3216999,872.6464044,936.3202493,998.9431693,1054.246977,12,3,0.048320314,0.779589923,0.187559213,0.273343028,0.115402525,0.502715424,-0.274590768,0.105076413,18,2,60.96991687
46.74427,-122.14455,12083000,3.646865369,775.7358233,3.74250231,709.7029508,1013.442875,3.439091482,114.3728497,0.048711972,2.744952504,7.426002174,240.0643815,1885.169074,407.4301058,0.124615129,139.6623042,644.0937133,812.3515096,131.9074074,3.036798651,0.398436243,0.784535535,2.094883936,8.535952125,64.64287058,154.6529099,1062.785802,-2.103393332,-1.827264953,358.8339508,-304.1207156,1068.536902,12.51557407,764.416186,264.4790233,873.0752646,1435.720899,425.9827304,718.3226714,215.2600794,363.7158201,363.8051852,407.0519312,273.6507143,255.7911376,162.1265079,118.8905556,93.28592593,33.1271164,909.391481,1015.56582,1098.252008,1110.695096,1121.315528,74.42857143,32.22222222,12.09259259,96,986.7258429,988.5562,43.33737928,0.002836533,0.986706449,0.123844569,0.465219116,0.058136693,0.73251386,0.089513192,0.598291536,-0.048891593,0.773836363,0.156287913,0.355628495,0.015337477,8.05E-06,0.008012612,0.003379875,0.024425912,0.002390388,834.816,198.7866,398.0362888,807.5926571,0.35821095,97.92905835,162.7045853,212.0744984,260.8282587,311.0056063,354.5544003,400.2226669,440.3860378,481.0162959,517.7329346,553.1885645,588.3094257,624.6969672,1,4,0.077275316,0.640082578,0.123516942,0.453771554,0.114687584,0.499098451,-0.244225703,0.145187478,17,2,43.33737928
46.18449,-113.502,12332000,-0.382582282,375.0426995,-0.286104021,376.3225117,344.7087273,-0.450495526,112.4932113,0.148221368,-5.487156477,0.615048295,342.0767712,410.1713126,342.3051389,0.757462347,307.5871877,375.7939423,372.8621488,197.7407407,-5.30216832,-9.966948805,-9.342592559,-7.508256379,36.02193109,96.58714815,166.2806635,342.3659005,2.013628777,1.312184405,-45.63351049,136.7547051,330.6890012,222.1847449,467.4437064,109.6099578,284.1334239,469.3572597,275.2995899,106.7902788,57.17158992,66.22345782,73.67633004,67.5838537,64.12457099,78.64948951,88.80552634,112.2620955,88.9463072,52.29120988,366.7191848,350.5046899,334.2598883,322.4976004,324.1790218,26.05555556,172.7407407,116.1666667,203,338.9927333,281.7329111,51.41102443,0.036126012,0.795369984,0.007183028,0.958887417,0.032661155,0.81463095,-0.00940976,0.946159125,0.036976258,0.790661483,0.021115984,0.87953699,5.16E-05,0.001305089,8.85E-05,0.001066751,0.000445885,0.001367244,2169.689,315.1476,247.2494441,240.580902,0.316885644,5.277551666,15.35009113,30.03723561,49.22489266,72.82152667,97.01040338,120.8873948,144.5796905,166.1943134,185.8329778,201.9035218,214.2348501,224.199249,6,9,-0.019797674,0.887007076,0.035181614,0.800608374,0.072084873,0.604462813,0.066562433,0.632495187,0,1,51.41102443
48.49524,-114.01,12358500,-0.510021402,493.6080343,-0.33112637,487.1837276,453.3615678,-0.60391303,308.5009868,0.241417283,-4.828953307,1.687091272,739.1011679,845.0083622,415.9113372,0.833329705,702.3156511,482.884469,488.4201192,195.2962963,-4.409986271,-8.710591967,-9.128698817,-6.729520751,70.38277944,211.8174426,383.4065944,451.5533537,2.717603936,1.704405247,-53.08907226,183.7133546,434.0946553,323.5230438,617.8080099,304.4544327,351.1473641,912.5576557,271.950157,325.6210055,83.84003305,145.1291571,160.8986272,174.9795907,138.6466362,137.5490734,117.6156082,121.3478118,115.815804,61.13211311,482.836808,461.7517444,440.9015691,424.7840185,423.7510464,29.92592593,163.9074074,123.9074074,202,405.4875222,359.8506622,85.2683642,-0.060866974,0.661952499,-0.049758084,0.720858602,-0.022901524,0.869436088,-0.041554192,0.765440995,-0.060943241,0.661554538,-0.040919972,0.768921278,0.002475867,0.003704788,0.001726751,0.00052448,0.001674444,0.003714079,1723.701,2939.194,671.6298417,648.487732,0.513877916,20.03541979,54.27250255,95.05307535,147.3610094,205.0340409,266.5070014,330.5488566,390.3178532,446.7951501,500.2623778,543.0553978,576.1339423,602.6828855,5,8,-0.121031724,0.383318537,-0.100659837,0.468924408,-0.012106874,0.93076022,-0.042439972,0.760587969,0,1,85.2683642
47.58605,-115.355,12390700,0.045771215,480.2096067,0.316433717,452.7993821,489.4317532,-0.079069663,121.127084,0.114980043,-1.53741176,5.51570927,453.8619168,741.7500952,287.8141579,0.601779329,404.3086968,437.1403419,476.541035,164.6851852,-0.96773481,-5.013716652,-4.819764939,-2.327554896,26.9004281,133.0514932,267.9637605,483.5629636,1.231095017,0.564225386,42.03028364,76.18247438,494.8296657,295.2255762,571.0121401,136.6638017,335.6315218,698.7297006,401.729812,176.0250122,79.50503133,146.2877557,147.8104267,148.2126971,112.7810245,104.460881,82.11862546,87.71571219,80.11038117,37.86943904,491.4237699,486.8482812,480.2502417,487.936029,552.2989039,45.25925926,109.7962963,63.90740741,54,416.924575,446.3467333,40.48661973,-0.044940494,0.746937904,-0.009779504,0.944046827,-0.028902701,0.835647352,-0.027005896,0.846298237,-0.024347794,0.861269514,0.022274943,0.87297842,9.56E-05,0.002019648,0.000729318,0.000835366,0.000496173,0.000592815,1348.9,470.2338,296.9675327,325.90408,0.310159386,11.85042697,26.27805503,42.08773911,58.54557509,78.4612971,100.7905587,124.6521451,148.4646696,174.0132623,199.2311597,223.6133103,244.9126203,264.9145666,5,8,-0.004429724,0.974639396,0.034280161,0.80561669,0.087693888,0.528332291,-0.030892954,0.824503145,0,1,40.48661973
47.70611,-115.979,12411000,-0.128231907,571.7262946,0.170323636,537.3396253,567.5445444,-0.301858647,118.8046179,0.108288522,-2.154171612,4.519107044,495.9844894,775.8787969,310.2768163,0.636992696,439.9484387,518.2448426,563.1974985,167.3888889,-1.381886279,-5.357349445,-5.281457638,-3.192796375,31.37635794,146.5771263,291.3836982,564.1651222,1.271408275,0.927459896,22.59189782,124.9478593,559.9315231,358.6265212,684.8793825,132.6252667,353.320077,738.0152727,383.323278,206.9480211,85.37624901,154.8740729,157.8639425,154.1097648,110.8979114,110.0793463,86.3739631,94.67153664,87.82778313,41.40353347,577.0330777,570.5061768,557.8147926,555.5095138,621.9170831,42.7037037,122.6111111,71.25925926,191,439.360425,431.6775357,54.75291013,-0.038569743,0.781857129,-0.035101933,0.801050751,-0.027441353,0.843850588,-0.077379752,0.578106548,-0.027180966,0.845314018,-0.007261985,0.958435897,0.001232146,0.001487625,0.005987626,0.000753028,5.27E-05,0.000738805,1202.523,867.4833,412.3041381,476.0129066,0.432736893,30.86859619,66.74794863,105.3990187,143.9273517,187.644906,235.6412854,279.1402108,319.3469087,353.0334971,381.3186596,404.9438851,422.338504,435.6475957,4,7,-0.035616832,0.798193209,-0.001380659,0.992094427,0.032102082,0.817749348,-0.062380129,0.654074304,0,1,54.75291013
47.56889,-116.253,12413000,0.356097833,536.062631,0.621766493,503.0356946,570.9913784,0.212797842,104.4221047,0.09254931,-1.290664698,5.502689666,419.8902235,794.0087477,318.0285851,0.526770456,351.9824691,483.7372889,534.3532984,161.3703704,-0.484555905,-4.497516526,-4.320181777,-2.146540949,23.62752357,121.5959009,254.5260244,565.1014709,0.832563912,0.416545948,80.16856733,57.85977504,583.2042619,301.5467567,641.0640369,124.3849802,388.2824436,728.3809197,409.1232604,216.3477306,84.81591689,157.4360345,162.3037627,158.4088551,113.8078954,114.2018934,89.53595357,97.970703,90.2500328,40.27189577,556.8671544,565.0434562,565.8022642,583.4279791,669.2748698,46.46296296,103.8888889,52,53,445.5963667,467.4492214,52.11205014,-0.152118579,0.272166022,-0.096125105,0.48928416,-0.12593455,0.364199523,-0.144284175,0.297913767,-0.116295617,0.402342421,-0.036389033,0.793912644,0.009240036,0.023140062,0.020817923,0.015859511,0.001324162,0.01352467,1167.77,2325.166,391.5287548,479.2825867,0.426693237,31.4428886,65.01150743,97.86211846,133.193625,170.6758423,211.7011773,251.8753004,290.3304565,328.9077293,358.3062793,385.3178158,406.4904725,423.2665589,4,7,-0.078983139,0.570230236,-0.056718923,0.683734121,0.013790736,0.921158761,-0.187732222,0.174024219,0,1,52.11205014
47.27464,-116.189,12414500,-0.172164485,563.6890983,0.141379572,538.2025254,553.4637445,-0.324436542,160.2500177,0.127638312,-2.514805965,4.229798173,625.8342377,888.2495808,334.5788405,0.694119921,593.1784854,519.5207013,558.4729686,177.1666667,-2.043132036,-6.162542367,-5.821270774,-3.581717247,45.13476074,187.4660386,355.9021174,549.6349831,1.85577452,1.153419861,21.02310897,142.571974,559.2256343,372.8438362,701.7976083,165.9727275,345.7457521,880.8875115,365.9013271,296.9507278,92.81660981,169.2332103,175.6469515,177.0108917,134.9662151,134.9424202,102.6163511,104.5740584,88.90771019,38.48072075,568.0539776,556.8290402,542.6427941,538.7291853,587.6682129,40.2037037,130.6111111,84.87037037,189,516.807406,492.4027488,52.33216831,0.039784016,0.775166114,0.021419394,0.877819195,0.080091701,0.564813853,0.003117051,0.982153103,0.04814431,0.729561157,0.045874779,0.741857209,0.00045879,0.001582768,9.72E-06,0.006414681,0.002104495,0.002317875,1381.269,2678.972,516.5726887,539.7740614,0.437245955,27.26304914,60.19607769,96.96233224,136.7368677,179.3585782,223.7631766,270.0536585,316.6346926,360.5742045,400.5680917,433.8116289,461.3681222,483.0959825,5,8,-0.013488193,0.922883093,0.013512128,0.922746665,0.074275685,0.593494129,0.006268433,0.96411849,0,1,52.33216831
48.32958,-120.69177,12451000,-0.582979551,566.7695238,-0.383281477,558.6105499,521.3441333,-0.660205098,630.6384351,0.349113357,-5.019000778,1.604000081,1337.689572,1464.12906,311.4485117,0.887060871,1287.640017,545.3634031,560.5278358,191.9259259,-4.998738548,-9.180105348,-8.851385207,-6.372930581,207.926352,498.6722377,783.5819466,518.4849175,2.790402915,1.896951773,-61.05014877,212.2567423,497.5604012,357.5029717,709.8171435,628.7003542,247.7489849,1537.939684,178.4386935,515.2839022,168.5292387,307.7015501,276.4589643,294.4674966,210.3923868,203.6716529,124.415144,84.02851852,57.03722222,45.96762689,553.7315568,529.2923325,507.9853447,490.7293851,491.3904455,25.38888889,170.3703704,142.9814815,189,440.0194481,377.9142259,104.5748909,-0.193210968,0.16156944,-0.104576176,0.451714123,-0.065795468,0.636430443,-0.103263265,0.457444702,-0.185081089,0.180294894,-0.128978749,0.352625165,0.010936177,0.037330478,0.010663302,0.004329044,0.016635518,0.034255009,1533.989,830.5974,1045.09079,1022.229188,0.581084755,24.89176899,62.88885297,116.0543655,180.5506382,252.7023376,335.2612455,428.1177203,515.3044784,593.473256,673.4531355,750.8698056,816.8979492,875.8047998,6,9,-0.069800707,0.615991936,-0.086724312,0.532919462,-0.120651344,0.384826381,-0.183358033,0.184456807,0,1,104.5748909
47.81846,-120.42314,12452800,-0.458690099,445.0810298,-0.330270548,438.3924935,409.4932018,-0.531020933,290.1703147,0.25078928,-4.731017404,1.898985013,842.689593,917.8492484,218.4180392,0.896465936,815.1357036,433.1558548,439.1780313,188.7962963,-4.621362204,-9.110393889,-8.678428242,-5.943514963,121.8182468,309.9975024,488.5929545,408.0623531,3.484548767,2.041213554,-51.49038148,233.679606,386.902112,373.2781215,620.581718,289.9561633,189.0498039,953.8351852,232.2182898,266.4800989,87.86856209,205.5452723,172.8384532,179.3526797,130.1733007,140.1521895,69.09070806,60.70420479,55.3125817,33.31054466,434.9149526,416.6021638,399.0585476,384.7793334,386.4351949,28.38888889,165.0185185,138.7037037,190,334.6952176,292.4435353,66.79372558,-0.055904057,0.688043914,-0.039821076,0.774962157,-0.032851765,0.813568411,-0.062980976,0.650956297,-0.066765007,0.631457471,-0.045505111,0.74386619,0.001585718,0.003125264,0.003966603,0.001079238,0.002070715,0.004457566,1519.764,526.3533,489.6121795,481.7462053,0.418893961,9.160500378,21.99454897,42.17930927,69.53436191,101.5756697,139.3199853,182.4034573,229.1143397,275.7961277,320.2754395,360.6928194,395.0108027,422.5088308,6,9,-0.042920856,0.757957108,-0.04309933,0.756981386,-0.034977605,0.801741126,-0.067756159,0.626390325,0,1,66.79372558
43.85028,-110.518,13011500,-0.197524045,421.7114995,-0.108760551,417.787402,406.1221105,-0.245819938,204.7332672,0.207368149,-7.752472256,-0.615354749,633.9094204,679.2579691,269.2642791,0.874289765,591.1452111,411.3337988,419.9815799,199.4444444,-6.765936438,-12.81053057,-12.84851999,-11.00931686,65.36146107,200.0396913,346.3593973,405.6217067,2.01225648,1.417711485,-17.17193241,142.3311098,400.6154696,250.3266841,542.9465794,203.7376902,209.9890789,741.6052894,253.2409628,244.8161007,67.84816185,122.8744448,142.6781652,147.9853719,101.7249574,93.85988722,80.04991093,89.87985167,56.84897111,42.48554537,417.7928228,409.5213372,401.5180665,394.4920144,395.4212994,22.18518519,187.4814815,156.3333333,203,413.49362,396.11675,48.67043403,0.05259749,0.713944992,-0.03437224,0.810754972,0.058596029,0.682953233,-0.040073401,0.780092347,0.055986565,0.696375166,-0.025460414,0.859237583,0.001181451,0.002766496,0.001605877,0.003433495,0.000648233,0.003134495,2470.613,404.0775,503.8521703,490.0914263,0.505071417,12.30239697,37.67015243,73.68847803,118.8499712,169.6569285,227.4165531,285.1612187,337.8041988,382.911472,417.0717046,443.1177734,461.1191897,474.619768,6,9,-0.024410535,0.864986862,-0.012349945,0.931456098,-0.013802588,0.923416497,0.066289672,0.643955349,3,1,48.67043403
43.83806,-110.441,13011900,-0.290264634,486.2386022,-0.223827539,488.0541497,463.0503631,-0.332917951,155.9817213,0.163584826,-8.442676912,-1.686476962,625.0596766,656.0815362,262.7061424,0.884555422,579.7160051,487.1450133,484.9357242,206.6666667,-7.702325034,-13.61567054,-13.54477145,-11.85193988,72.07666282,200.0745986,337.9188411,461.6607141,2.845910056,1.83425825,-38.43912704,174.1674856,449.6150227,254.029568,623.7825082,154.4980042,190.5052344,731.5163773,215.2457807,269.9167643,66.94436065,116.3472279,135.6768318,139.4785083,97.9470788,97.45988685,74.61219056,87.20518611,57.61743278,43.27133296,479.3208995,467.0321028,456.140848,447.1324754,442.5709705,18.57407407,200,168.962963,216,489.06335,471.101745,68.24213046,0.075860359,0.59298864,-0.029883149,0.833434325,0.061699138,0.663912568,-0.053955496,0.704021551,0.083732934,0.555078864,-0.022396275,0.874775486,0.000893003,0.005754794,0.002911196,0.003806784,0.000501593,0.007011204,2731.586,851.8032,431.4103683,416.3046575,0.447433267,9.588210458,27.80259008,53.38514436,81.65243292,117.2949663,158.7821063,201.984372,247.5299597,291.0522061,328.5629235,360.436776,384.3826946,403.5021675,6,9,0.014379053,0.919412794,0.02958742,0.835059601,-0.008943016,0.949828171,0.099459157,0.482979883,2,1,68.24213046
41.93324,-115.675,13161500,0.050371178,235.8572944,0.096074154,230.089568,244.1977869,0.008864385,17.42919756,0.04072549,-3.150925588,3.755472086,139.9240192,265.7107889,130.57378,0.495038226,88.98441133,225.7436472,235.7160358,153.8148148,-1.711739931,-6.64901799,-6.908930062,-4.966146471,8.321349716,41.41254866,89.22197365,239.6746131,-0.165150106,0.031676506,11.87374896,4.313529481,241.963317,103.2659127,246.2768464,23.0007157,160.3620353,238.8614282,244.499874,25.20472733,25.26893993,44.64254015,58.61304119,59.37880267,34.67038089,41.65564133,37.72387489,42.18928622,36.39831704,14.26230185,239.507793,240.2381187,239.417229,243.2225537,291.3294923,40.90740741,137.9814815,81.12962963,187,252.82706,296.475852,26.32496907,0.399508411,0.003344994,0.443964027,0.000977713,0.328610948,0.017382651,0.354110531,0.010009533,0.407045114,0.002746729,0.475118835,0.000372029,0.197104057,0.159606971,0.125394268,0.107985155,0.225737907,0.165685725,2044.987,986.1309,68.64901867,79.1472619,0.191637811,2.858380434,6.645464699,11.26995642,16.12875085,21.35339874,26.69869048,32.56085758,38.02408792,43.76819715,49.7380162,55.07543074,59.88583594,64.2397068,5,8,0.506529839,0.000127366,0.464555655,0.000521592,0.435297196,0.00125912,0.334839787,0.015251031,2,1,26.32496907
43.65944,-115.727,13185000,0.053758559,308.9640199,0.276263792,290.4236538,318.2749986,-0.064648502,102.8211581,0.105747105,-4.650044549,2.558383098,507.764156,671.6003689,208.3464505,0.731910438,447.3921797,280.1087462,308.1381769,168.8888889,-3.54732669,-8.890106316,-8.623405622,-6.169632463,40.14093026,167.5431897,317.1173876,312.9160757,1.083259372,0.76494328,39.52226146,100.2420966,329.9459152,314.9919525,430.1880118,109.1753417,227.6680084,654.9259363,335.3744231,188.7943902,51.19519783,127.2049838,161.8419269,140.0321251,91.65804294,97.54048339,67.14941612,66.64697934,52.22068498,22.32937008,316.979685,315.4023041,310.4912788,312.3745422,390.4124322,33.90740741,154.8333333,121.3518519,188,328.9600328,429.5861766,60.82091577,0.171821252,0.214110054,0.137023313,0.323142246,0.165197581,0.232569042,0.111682658,0.421389409,0.202640353,0.141684254,0.198114043,0.150988696,0.018775388,0.029522543,0.012473016,0.027290241,0.039249174,0.041063113,1955.097,2154.389,356.1430876,374.6579793,0.416873656,11.38785544,24.97823331,42.26253808,60.39022024,81.53265636,105.7709602,130.7933151,157.761707,187.3629641,217.5711971,245.3775616,272.2783412,297.3898855,5,8,0.106706946,0.442498224,0.160006536,0.247781196,0.266229191,0.051669538,0.240688737,0.079570633,0,1,60.82091577
44.98694,-115.725,13310700,0.022164029,410.9733561,0.217604035,392.0975873,413.4391801,-0.107482146,164.0368607,0.146939659,-4.553107188,2.1888073,635.3527832,788.4309171,250.3373103,0.784090886,605.8237311,382.5752485,409.3828295,181.8333333,-3.450235406,-8.571089436,-8.53930509,-6.445896627,45.0648384,179.6320494,352.8893103,413.6801818,2.025633641,1.187477071,33.69679236,143.8573485,425.7943797,325.1418154,569.6517282,165.806853,237.9431193,801.9840683,308.4050733,257.2022211,58.84659198,137.197485,171.842486,181.6348768,113.5569083,122.988486,79.49312153,80.86424313,66.46760015,23.51234552,418.0345974,416.6065071,410.4992688,406.7910492,441.1367599,34.12962963,159.3888889,121.8518519,188,417.5469667,430.8691042,69.09280675,0.062484633,0.676498379,0.046585286,0.755845059,0.043112832,0.773544568,0.007863873,0.958161334,0.109142179,0.465219923,0.130202826,0.383038734,0.002170189,0.003904329,6.18E-05,0.001858716,0.016952776,0.011912015,1943.643,853.1325,414.4692163,417.9578416,0.390557938,11.18930117,27.19147662,48.64006261,72.65885453,100.4930199,134.3973694,168.80291,206.8095335,246.8203721,286.3576602,320.1938541,347.635011,370.2296734,5,8,0.121384697,0.416347085,0.202348552,0.172556459,0.241426919,0.102079378,0.159156176,0.285264401,7,1,69.09280675
46.15083,-115.587,13337000,-0.071575898,592.5738893,0.153682511,583.1044238,586.6204739,-0.180998961,222.2904962,0.181093833,-3.488844234,2.994863178,655.5087351,811.5852372,372.8711071,0.773839258,625.3772098,567.9353676,593.8676378,189.1111111,-3.334520079,-7.620795396,-7.052189408,-4.850478868,63.82188038,200.9872868,360.11776,584.1485864,1.663375311,1.034827558,25.78851368,116.7173303,608.8929375,278.176312,725.6102677,221.3463833,329.8659043,857.0254438,324.0309564,321.7297532,88.81865733,148.1454983,154.7280432,162.6440842,121.9559277,131.0660492,116.2422817,116.1007978,98.09871528,42.42931226,597.0348071,588.6416354,579.8571669,575.1832661,603.3933307,32.42592593,148.462963,118.3703704,190,546.9379263,544.8125526,62.75841881,0.140102868,0.312281598,0.070255555,0.613688666,0.182580276,0.186357863,0.067399422,0.628212141,0.095603198,0.491656666,0.048545993,0.727391799,0.004935843,0.019628814,0.004542682,0.033335557,0.002356713,0.009139971,1584.1,3053.417,608.5937702,593.1238265,0.498311282,23.93509908,58.12794939,100.3658096,148.1785541,201.6572896,258.8990088,320.1728779,378.1968704,431.0391927,477.4507599,512.3476858,538.4069417,557.4603707,5,8,0.007438601,0.957425951,0.015391831,0.912039555,0.058638177,0.673622918,0.07552268,0.58729062,0,1,62.75841881
46.08639,-115.977,13338500,0.322240008,460.9273813,0.438206407,454.9696726,485.782759,0.275329834,55.80580146,0.070428597,-1.250037816,5.029724531,285.0425605,479.7621569,297.2982092,0.570763411,268.1826875,445.1680642,467.1771919,187.6481481,-0.88127959,-5.182380283,-4.731377166,-2.513039034,21.08937995,83.02203631,158.1356114,483.8101542,0.712325918,0.338235463,69.39204131,38.08582573,524.3617139,175.1537595,562.4475397,55.6232522,274.14178,503.595793,367.3534334,99.77176917,58.87303268,86.84508932,88.4387451,93.93118954,66.24689325,82.41038344,79.89835948,92.42336601,85.95536383,39.02111983,475.4140509,480.2653706,487.9430943,495.9320893,524.1674778,45,111.5185185,51.92592593,187,441.7017518,496.0346929,33.98121571,0.202527823,0.141910265,0.22522894,0.101531003,0.228892751,0.095945108,0.2265598,0.099473593,0.227173147,0.098536343,0.249400475,0.068959428,0.050728076,0.041017519,0.051329343,0.052391892,0.062200597,0.051607639,1384.55,3027.002,202.8501695,196.4250535,0.249127929,11.39445369,26.19751296,43.22597721,60.46909395,77.68707984,94.93389362,112.4118843,128.864659,143.9195207,157.0092965,167.6359196,175.8522112,182.2622098,5,8,0.277006174,0.042579408,0.345819452,0.010426832,0.315122617,0.020288886,0.25222028,0.065777643,0,1,33.98121571
46.47833,-116.258,13340000,0.328115892,498.0680496,0.510410947,489.9173799,524.8835722,0.255258704,106.0233468,0.108634599,-2.255118363,4.430001359,398.0246318,629.9725235,315.9227799,0.619927272,377.8848011,476.9924718,504.4897547,178.2592593,-1.783843342,-6.142422695,-5.691173712,-3.361206564,34.13725445,123.2722266,235.0035276,520.0538936,1.021685667,0.377770339,76.17015128,47.57948349,566.0875312,227.0898696,613.6670147,108.3407389,320.2096129,628.1261691,377.6874768,185.064536,70.71575215,113.1199797,120.9222315,127.2553677,92.10009066,102.5068338,91.64655207,97.69443062,86.67038432,39.9114129,514.2617666,518.4940162,522.8890874,534.2299007,583.6359514,41.53703704,123.6111111,76.16666667,188,470.7793783,543.5024475,45.23783147,0.149260626,0.281381665,0.126120721,0.363485134,0.162087068,0.241605075,0.104891053,0.450345635,0.155850023,0.26043891,0.138906623,0.316472324,0.015906436,0.022278734,0.011002133,0.026272217,0.01929505,0.02428923,1443.614,14268.92,393.4245644,403.3016917,0.422074532,14.94978188,33.17251759,53.92983418,75.95039277,103.01306,134.2851896,168.1296539,204.601988,240.9388023,274.7925701,306.8015486,332.7296985,353.6503817,5,8,0.078248263,0.573833996,0.121206977,0.382625013,0.184778318,0.181021266,0.137896295,0.320039517,0,1,45.23783147
46.84047,-115.621,13340600,-0.002336804,652.3059294,0.292845481,632.7574115,653.0310013,-0.156767768,246.2542393,0.182435583,-2.894512667,3.663596135,701.2843474,924.8820167,376.1916974,0.739618729,671.0567473,611.7131777,652.3836787,182.6851852,-2.510013481,-6.793528157,-6.328000847,-4.147091327,56.2437783,209.4611008,390.532861,649.9475102,0.920798163,0.806156752,45.19976961,97.64727257,677.9571811,289.8168507,775.6044536,248.1515686,360.9792337,942.0826958,343.1292621,373.022887,95.39558574,172.167652,177.2815303,187.9188212,141.1263792,146.9108614,120.4926034,117.8492745,98.15249028,39.69732915,661.4951012,654.4639899,646.1444153,643.6997954,690.9126954,37.01851852,138.5925926,104.4074074,189,605.3221588,600.0556577,78.91256282,0.030714584,0.830579367,0.00365488,0.979692794,0.048627388,0.734714924,-0.021410389,0.881453273,0.010829956,0.939875664,-0.003249898,0.981942554,1.34E-05,0.000943386,0.000458405,0.002364623,1.06E-05,0.000117288,1442.679,3354.622,611.2099828,613.4428525,0.468015325,28.68438165,63.55484484,103.5567326,148.626694,198.3563087,252.4293941,309.223709,365.6196138,418.8987391,466.6490307,504.7621173,535.0043881,558.9567563,5,8,0.002102166,0.988319149,0.01607647,0.910847288,0.015280145,0.915246786,-0.011813023,0.934429428,3,1,78.91256282
45.83678,-122.46621,14222500,3.681396051,690.1165119,3.714938318,634.4961633,944.366705,3.539310535,150.7782545,0.066500226,3.413044338,8.19750799,231.2158754,1810.995438,436.3639226,0.12721727,157.9038734,582.9168971,725.3846494,138.6666667,4.214472722,0.851793728,1.007790703,2.710328675,8.64993243,60.05737359,149.3671971,985.1906455,-1.851481351,-1.756357675,394.0560847,-284.0914889,1028.552248,21.72112003,744.4607591,288.0294214,829.1088384,1434.586347,470.9098816,576.9151724,194.2274747,366.3300337,357.6451347,357.5891414,259.794899,269.273064,181.9828788,131.163771,91.56161616,31.65565657,819.7419961,937.7113155,1027.405145,1065.672376,1090.830063,78.75,26.87037037,12.94230769,98,930.8129182,965.0805455,39.23224042,0.105976954,0.445643729,0.282749062,0.03829932,0.186743675,0.176343651,0.268351704,0.049764444,-0.052518,0.706056843,0.210724315,0.126140687,0.079947032,0.011231115,0.072012637,0.0348732,0.044404737,0.00275814,573.2823,323.8893,454.0204413,872.7450783,0.39489843,116.9739098,179.72933,238.2375475,305.5350489,364.3363264,415.7233942,464.4666266,510.1216075,549.7465453,590.1857564,626.7041177,663.3857253,693.8449474,1,3,0.174292677,0.207492896,0.003676641,0.978949798,-0.030782874,0.825118649,-0.464526358,0.000402351,0,2,39.23224042
42.804,-123.61091,14309500,5.065414104,383.6208741,4.764345357,378.5133826,733.5191864,4.929344197,46.37812296,0.025046672,5.580178849,9.051204383,105.4918004,1618.494556,257.1766667,0.064269771,22.62222556,341.0335196,454.2306501,109.5555556,5.509375778,2.738275556,3.172114337,4.286249314,2.271597333,18.62370915,52.36147306,786.962626,-1.982773063,-1.557564086,370.3794204,-278.3902344,748.892803,134.5439507,470.5025685,258.9942141,895.0714815,989.3181111,571.9894296,444.4501133,122.7338519,290.9675185,380.3380741,324.5361481,256.7058889,238.1081481,127.4572222,83.358,35.98333333,10.37811111,541.6051489,717.7428685,842.4781019,903.8663774,925.8609396,90.27272727,10.35185185,5.714285714,,,,25.07493881,0.132275314,0.340349323,0.230282791,0.093889446,0.231040339,0.092783671,0.231155372,0.092616652,-0.019005626,0.891499872,0.183571565,0.183937321,0.053030164,0.017496759,0.053432806,0.053379638,0.03369852,0.000361214,736.2654,224.9208,138.6611109,577.2828946,0.303961806,73.50488336,120.4326714,164.7315636,208.0198656,241.0121301,273.8799468,312.8198047,347.0457309,376.3234942,404.2051368,428.5206165,454.8220048,472.8951886,1,4,0.219457658,0.110835684,0.47360392,0.00029786,0.391659415,0.003403386,0.029729393,0.831014357,0,2,25.07493881
42.12344,-124.18731,14400000,4.983307834,529.2547353,5.155451022,452.2374803,822.5530585,4.661224567,178.6251404,0.054293507,5.377959606,8.762024871,195.3805178,2739.283213,481.6849444,0.069744372,113.7469717,384.1013002,574.4835127,127.6111111,5.603754691,3.098833913,3.520583375,4.47871341,5.914444701,51.45606646,120.2397955,892.5080834,-2.399394578,-2.295173295,446.0682137,-382.8460184,898.305694,-32.97900444,515.4596756,562.407135,1292.749787,1942.168454,483.6550713,818.7130159,218.8406667,483.6593148,619.1808426,520.9469352,420.9511389,465.7663333,268.0522593,138.1116667,58.09926852,17.42175,708.3214936,863.3209129,904.5172799,922.3777641,925.8541144,94.66666667,7.148148148,5.105263158,155,866.012015,883.67688,49.84901932,0.170377766,0.241824967,0.215936232,0.136177882,0.252390124,0.08019254,0.224069912,0.121682014,0.039223291,0.78902412,0.170894718,0.240378238,0.046628456,0.029028583,0.050207325,0.063700775,0.029205005,0.001538467,671.229,702.6345,476.7069499,1364.495733,0.42311697,150.4635503,251.8261016,355.0805366,468.4389219,548.657686,625.1795207,728.7880576,816.1878499,875.6529571,930.3320388,990.8452395,1053.069897,1099.353217,12,3,0.242601032,0.093042541,0.419402658,0.002702683,0.336526778,0.018064579,0.074903778,0.608993737,5,2,49.84901932
